2025-07-09 13:05:29 INFO  [restartedMain] c.E.EvidenceServiceApplication - Starting EvidenceServiceApplication using Java 22.0.1 with PID 25592 (D:\Day15\backend\evidence-service\target\classes started by PC in D:\Day15)
2025-07-09 13:05:29 DEBUG [restartedMain] c.E.EvidenceServiceApplication - Running with Spring Boot v3.1.8, Spring v6.0.16
2025-07-09 13:05:29 INFO  [restartedMain] c.E.EvidenceServiceApplication - No active profile set, falling back to 1 default profile: "default"
2025-07-09 13:05:29 INFO  [restartedMain] o.s.b.d.e.DevToolsPropertyDefaultsPostProcessor - Devtools property defaults active! Set 'spring.devtools.add-properties' to 'false' to disable
2025-07-09 13:05:29 INFO  [restartedMain] o.s.b.d.e.DevToolsPropertyDefaultsPostProcessor - For additional web related logging consider setting the 'logging.level.web' property to 'DEBUG'
2025-07-09 13:05:30 INFO  [restartedMain] o.s.d.r.c.RepositoryConfigurationDelegate - Bootstrapping Spring Data JPA repositories in DEFAULT mode.
2025-07-09 13:05:30 INFO  [restartedMain] o.s.d.r.c.RepositoryConfigurationDelegate - Finished Spring Data repository scanning in 166 ms. Found 11 JPA repository interfaces.
2025-07-09 13:05:31 INFO  [restartedMain] o.s.cloud.context.scope.GenericScope - BeanFactory id=d0a8805a-465d-3d57-8ca4-b4c865ed16d2
2025-07-09 13:05:32 INFO  [restartedMain] o.s.b.w.e.tomcat.TomcatWebServer - Tomcat initialized with port(s): 8080 (http)
2025-07-09 13:05:32 INFO  [restartedMain] o.a.catalina.core.StandardService - Starting service [Tomcat]
2025-07-09 13:05:32 INFO  [restartedMain] o.a.catalina.core.StandardEngine - Starting Servlet engine: [Apache Tomcat/10.1.18]
2025-07-09 13:05:32 INFO  [restartedMain] o.a.c.c.C.[Tomcat].[localhost].[/] - Initializing Spring embedded WebApplicationContext
2025-07-09 13:05:32 INFO  [restartedMain] o.s.b.w.s.c.ServletWebServerApplicationContext - Root WebApplicationContext: initialization completed in 2802 ms
2025-07-09 13:05:32 INFO  [restartedMain] com.zaxxer.hikari.HikariDataSource - HikariPool-1 - Starting...
2025-07-09 13:05:32 INFO  [restartedMain] com.zaxxer.hikari.pool.HikariPool - HikariPool-1 - Added connection com.mysql.cj.jdbc.ConnectionImpl@2f049d4a
2025-07-09 13:05:32 INFO  [restartedMain] com.zaxxer.hikari.HikariDataSource - HikariPool-1 - Start completed.
2025-07-09 13:05:32 INFO  [restartedMain] o.s.b.a.h.H2ConsoleAutoConfiguration - H2 console available at '/h2-console'. Database available at 'jdbc:mysql://127.0.0.1:3306/Evidence_Service'
2025-07-09 13:05:32 DEBUG [restartedMain] c.E.security.ApiKeyAuthFilter - Filter 'apiKeyAuthFilter' configured for use
2025-07-09 13:05:32 DEBUG [restartedMain] c.E.config.JwtTokenVerifier - Filter 'jwtTokenVerifierSecurity' configured for use
2025-07-09 13:05:33 INFO  [restartedMain] o.h.jpa.internal.util.LogHelper - HHH000204: Processing PersistenceUnitInfo [name: default]
2025-07-09 13:05:33 INFO  [restartedMain] org.hibernate.Version - HHH000412: Hibernate ORM core version 6.2.20.Final
2025-07-09 13:05:33 INFO  [restartedMain] org.hibernate.cfg.Environment - HHH000406: Using bytecode reflection optimizer
2025-07-09 13:05:33 INFO  [restartedMain] o.s.o.j.p.SpringPersistenceUnitInfo - No LoadTimeWeaver setup: ignoring JPA class transformer
2025-07-09 13:05:33 WARN  [restartedMain] org.hibernate.orm.deprecation - HHH90000025: MySQLDialect does not need to be specified explicitly using 'hibernate.dialect' (remove the property setting and it will be selected by default)
2025-07-09 13:05:34 INFO  [restartedMain] o.h.e.t.j.p.i.JtaPlatformInitiator - HHH000489: No JTA platform available (set 'hibernate.transaction.jta.platform' to enable JTA platform integration)
2025-07-09 13:05:35 INFO  [restartedMain] o.s.o.j.LocalContainerEntityManagerFactoryBean - Initialized JPA EntityManagerFactory for persistence unit 'default'
2025-07-09 13:05:35 INFO  [restartedMain] o.s.d.j.r.query.QueryEnhancerFactory - Hibernate is in classpath; If applicable, HQL parser will be used.
2025-07-09 13:05:36 WARN  [restartedMain] o.s.b.a.o.j.JpaBaseConfiguration$JpaWebConfiguration - spring.jpa.open-in-view is enabled by default. Therefore, database queries may be performed during view rendering. Explicitly configure spring.jpa.open-in-view to disable this warning
2025-07-09 13:05:36 INFO  [restartedMain] o.s.b.d.a.OptionalLiveReloadServer - LiveReload server is running on port 35729
2025-07-09 13:05:36 WARN  [restartedMain] o.s.b.w.s.c.AnnotationConfigServletWebServerApplicationContext - Exception encountered during context initialization - cancelling refresh attempt: org.springframework.beans.factory.UnsatisfiedDependencyException: Error creating bean with name 'digitalInvestResultController' defined in file [D:\Day15\backend\evidence-service\target\classes\com\Evidence_Service\controller\DigitalInvestResultController.class]: Unsatisfied dependency expressed through constructor parameter 0: Error creating bean with name 'digitalInvestResultServiceImpl' defined in file [D:\Day15\backend\evidence-service\target\classes\com\Evidence_Service\service\impl\DigitalInvestResultServiceImpl.class]: Unsatisfied dependency expressed through constructor parameter 0: Error creating bean with name 'evidenceServiceImpl' defined in file [D:\Day15\backend\evidence-service\target\classes\com\Evidence_Service\service\impl\EvidenceServiceImpl.class]: Unsatisfied dependency expressed through constructor parameter 10: Error creating bean with name 'digitalInvestResultServiceImpl': Requested bean is currently in creation: Is there an unresolvable circular reference?
2025-07-09 13:05:36 INFO  [restartedMain] o.s.o.j.LocalContainerEntityManagerFactoryBean - Closing JPA EntityManagerFactory for persistence unit 'default'
2025-07-09 13:05:36 INFO  [restartedMain] com.zaxxer.hikari.HikariDataSource - HikariPool-1 - Shutdown initiated...
2025-07-09 13:05:36 INFO  [restartedMain] com.zaxxer.hikari.HikariDataSource - HikariPool-1 - Shutdown completed.
2025-07-09 13:05:36 INFO  [restartedMain] o.a.catalina.core.StandardService - Stopping service [Tomcat]
2025-07-09 13:05:36 INFO  [restartedMain] o.s.b.a.l.ConditionEvaluationReportLogger - 

Error starting ApplicationContext. To display the condition evaluation report re-run your application with 'debug' enabled.
2025-07-09 13:05:36 ERROR [restartedMain] o.s.b.d.LoggingFailureAnalysisReporter - 

***************************
APPLICATION FAILED TO START
***************************

Description:

The dependencies of some of the beans in the application context form a cycle:

   digitalInvestResultController defined in file [D:\Day15\backend\evidence-service\target\classes\com\Evidence_Service\controller\DigitalInvestResultController.class]
┌─────┐
|  digitalInvestResultServiceImpl defined in file [D:\Day15\backend\evidence-service\target\classes\com\Evidence_Service\service\impl\DigitalInvestResultServiceImpl.class]
↑     ↓
|  evidenceServiceImpl defined in file [D:\Day15\backend\evidence-service\target\classes\com\Evidence_Service\service\impl\EvidenceServiceImpl.class]
└─────┘


Action:

Relying upon circular references is discouraged and they are prohibited by default. Update your application to remove the dependency cycle between beans. As a last resort, it may be possible to break the cycle automatically by setting spring.main.allow-circular-references to true.

2025-07-09 13:09:55 INFO  [restartedMain] c.E.EvidenceServiceApplication - Starting EvidenceServiceApplication using Java 22.0.1 with PID 708 (D:\Day15\backend\evidence-service\target\classes started by PC in D:\Day15)
2025-07-09 13:09:55 DEBUG [restartedMain] c.E.EvidenceServiceApplication - Running with Spring Boot v3.1.8, Spring v6.0.16
2025-07-09 13:09:55 INFO  [restartedMain] c.E.EvidenceServiceApplication - No active profile set, falling back to 1 default profile: "default"
2025-07-09 13:09:56 INFO  [restartedMain] o.s.b.d.e.DevToolsPropertyDefaultsPostProcessor - Devtools property defaults active! Set 'spring.devtools.add-properties' to 'false' to disable
2025-07-09 13:09:56 INFO  [restartedMain] o.s.b.d.e.DevToolsPropertyDefaultsPostProcessor - For additional web related logging consider setting the 'logging.level.web' property to 'DEBUG'
2025-07-09 13:09:57 INFO  [restartedMain] o.s.d.r.c.RepositoryConfigurationDelegate - Bootstrapping Spring Data JPA repositories in DEFAULT mode.
2025-07-09 13:09:57 INFO  [restartedMain] o.s.d.r.c.RepositoryConfigurationDelegate - Finished Spring Data repository scanning in 166 ms. Found 11 JPA repository interfaces.
2025-07-09 13:09:57 INFO  [restartedMain] o.s.cloud.context.scope.GenericScope - BeanFactory id=d0a8805a-465d-3d57-8ca4-b4c865ed16d2
2025-07-09 13:09:58 INFO  [restartedMain] o.s.b.w.e.tomcat.TomcatWebServer - Tomcat initialized with port(s): 8080 (http)
2025-07-09 13:09:58 INFO  [restartedMain] o.a.catalina.core.StandardService - Starting service [Tomcat]
2025-07-09 13:09:58 INFO  [restartedMain] o.a.catalina.core.StandardEngine - Starting Servlet engine: [Apache Tomcat/10.1.18]
2025-07-09 13:09:58 INFO  [restartedMain] o.a.c.c.C.[Tomcat].[localhost].[/] - Initializing Spring embedded WebApplicationContext
2025-07-09 13:09:58 INFO  [restartedMain] o.s.b.w.s.c.ServletWebServerApplicationContext - Root WebApplicationContext: initialization completed in 2929 ms
2025-07-09 13:09:59 INFO  [restartedMain] com.zaxxer.hikari.HikariDataSource - HikariPool-1 - Starting...
2025-07-09 13:09:59 INFO  [restartedMain] com.zaxxer.hikari.pool.HikariPool - HikariPool-1 - Added connection com.mysql.cj.jdbc.ConnectionImpl@67fdf623
2025-07-09 13:09:59 INFO  [restartedMain] com.zaxxer.hikari.HikariDataSource - HikariPool-1 - Start completed.
2025-07-09 13:09:59 INFO  [restartedMain] o.s.b.a.h.H2ConsoleAutoConfiguration - H2 console available at '/h2-console'. Database available at 'jdbc:mysql://127.0.0.1:3306/Evidence_Service'
2025-07-09 13:09:59 DEBUG [restartedMain] c.E.security.ApiKeyAuthFilter - Filter 'apiKeyAuthFilter' configured for use
2025-07-09 13:09:59 DEBUG [restartedMain] c.E.config.JwtTokenVerifier - Filter 'jwtTokenVerifierSecurity' configured for use
2025-07-09 13:09:59 INFO  [restartedMain] o.h.jpa.internal.util.LogHelper - HHH000204: Processing PersistenceUnitInfo [name: default]
2025-07-09 13:09:59 INFO  [restartedMain] org.hibernate.Version - HHH000412: Hibernate ORM core version 6.2.20.Final
2025-07-09 13:09:59 INFO  [restartedMain] org.hibernate.cfg.Environment - HHH000406: Using bytecode reflection optimizer
2025-07-09 13:10:00 INFO  [restartedMain] o.s.o.j.p.SpringPersistenceUnitInfo - No LoadTimeWeaver setup: ignoring JPA class transformer
2025-07-09 13:10:00 WARN  [restartedMain] org.hibernate.orm.deprecation - HHH90000025: MySQLDialect does not need to be specified explicitly using 'hibernate.dialect' (remove the property setting and it will be selected by default)
2025-07-09 13:10:01 INFO  [restartedMain] o.h.e.t.j.p.i.JtaPlatformInitiator - HHH000489: No JTA platform available (set 'hibernate.transaction.jta.platform' to enable JTA platform integration)
2025-07-09 13:10:01 INFO  [restartedMain] o.s.o.j.LocalContainerEntityManagerFactoryBean - Initialized JPA EntityManagerFactory for persistence unit 'default'
2025-07-09 13:10:01 INFO  [restartedMain] o.s.d.j.r.query.QueryEnhancerFactory - Hibernate is in classpath; If applicable, HQL parser will be used.
2025-07-09 13:10:02 WARN  [restartedMain] o.s.b.a.o.j.JpaBaseConfiguration$JpaWebConfiguration - spring.jpa.open-in-view is enabled by default. Therefore, database queries may be performed during view rendering. Explicitly configure spring.jpa.open-in-view to disable this warning
2025-07-09 13:10:02 INFO  [restartedMain] o.s.b.d.a.OptionalLiveReloadServer - LiveReload server is running on port 35729
2025-07-09 13:10:02 WARN  [restartedMain] o.s.b.w.s.c.AnnotationConfigServletWebServerApplicationContext - Exception encountered during context initialization - cancelling refresh attempt: org.springframework.beans.factory.UnsatisfiedDependencyException: Error creating bean with name 'digitalInvestResultController' defined in file [D:\Day15\backend\evidence-service\target\classes\com\Evidence_Service\controller\DigitalInvestResultController.class]: Unsatisfied dependency expressed through constructor parameter 0: Error creating bean with name 'digitalInvestResultServiceImpl' defined in file [D:\Day15\backend\evidence-service\target\classes\com\Evidence_Service\service\impl\DigitalInvestResultServiceImpl.class]: Unsatisfied dependency expressed through constructor parameter 0: Error creating bean with name 'evidenceServiceImpl' defined in file [D:\Day15\backend\evidence-service\target\classes\com\Evidence_Service\service\impl\EvidenceServiceImpl.class]: Unsatisfied dependency expressed through constructor parameter 10: Error creating bean with name 'digitalInvestResultServiceImpl': Requested bean is currently in creation: Is there an unresolvable circular reference?
2025-07-09 13:10:02 INFO  [restartedMain] o.s.o.j.LocalContainerEntityManagerFactoryBean - Closing JPA EntityManagerFactory for persistence unit 'default'
2025-07-09 13:10:02 INFO  [restartedMain] com.zaxxer.hikari.HikariDataSource - HikariPool-1 - Shutdown initiated...
2025-07-09 13:10:02 INFO  [restartedMain] com.zaxxer.hikari.HikariDataSource - HikariPool-1 - Shutdown completed.
2025-07-09 13:10:02 INFO  [restartedMain] o.a.catalina.core.StandardService - Stopping service [Tomcat]
2025-07-09 13:10:02 INFO  [restartedMain] o.s.b.a.l.ConditionEvaluationReportLogger - 

Error starting ApplicationContext. To display the condition evaluation report re-run your application with 'debug' enabled.
2025-07-09 13:10:02 ERROR [restartedMain] o.s.b.d.LoggingFailureAnalysisReporter - 

***************************
APPLICATION FAILED TO START
***************************

Description:

The dependencies of some of the beans in the application context form a cycle:

   digitalInvestResultController defined in file [D:\Day15\backend\evidence-service\target\classes\com\Evidence_Service\controller\DigitalInvestResultController.class]
┌─────┐
|  digitalInvestResultServiceImpl defined in file [D:\Day15\backend\evidence-service\target\classes\com\Evidence_Service\service\impl\DigitalInvestResultServiceImpl.class]
↑     ↓
|  evidenceServiceImpl defined in file [D:\Day15\backend\evidence-service\target\classes\com\Evidence_Service\service\impl\EvidenceServiceImpl.class]
└─────┘


Action:

Relying upon circular references is discouraged and they are prohibited by default. Update your application to remove the dependency cycle between beans. As a last resort, it may be possible to break the cycle automatically by setting spring.main.allow-circular-references to true.

2025-07-09 13:15:06 INFO  [restartedMain] c.E.EvidenceServiceApplication - Starting EvidenceServiceApplication using Java 22.0.1 with PID 26484 (D:\Day15\backend\evidence-service\target\classes started by PC in D:\Day15)
2025-07-09 13:15:06 DEBUG [restartedMain] c.E.EvidenceServiceApplication - Running with Spring Boot v3.1.8, Spring v6.0.16
2025-07-09 13:15:06 INFO  [restartedMain] c.E.EvidenceServiceApplication - No active profile set, falling back to 1 default profile: "default"
2025-07-09 13:15:06 INFO  [restartedMain] o.s.b.d.e.DevToolsPropertyDefaultsPostProcessor - Devtools property defaults active! Set 'spring.devtools.add-properties' to 'false' to disable
2025-07-09 13:15:06 INFO  [restartedMain] o.s.b.d.e.DevToolsPropertyDefaultsPostProcessor - For additional web related logging consider setting the 'logging.level.web' property to 'DEBUG'
2025-07-09 13:15:07 INFO  [restartedMain] o.s.d.r.c.RepositoryConfigurationDelegate - Bootstrapping Spring Data JPA repositories in DEFAULT mode.
2025-07-09 13:15:07 INFO  [restartedMain] o.s.d.r.c.RepositoryConfigurationDelegate - Finished Spring Data repository scanning in 172 ms. Found 11 JPA repository interfaces.
2025-07-09 13:15:08 INFO  [restartedMain] o.s.cloud.context.scope.GenericScope - BeanFactory id=d0a8805a-465d-3d57-8ca4-b4c865ed16d2
2025-07-09 13:15:09 INFO  [restartedMain] o.s.b.w.e.tomcat.TomcatWebServer - Tomcat initialized with port(s): 8080 (http)
2025-07-09 13:15:09 INFO  [restartedMain] o.a.catalina.core.StandardService - Starting service [Tomcat]
2025-07-09 13:15:09 INFO  [restartedMain] o.a.catalina.core.StandardEngine - Starting Servlet engine: [Apache Tomcat/10.1.18]
2025-07-09 13:15:09 INFO  [restartedMain] o.a.c.c.C.[Tomcat].[localhost].[/] - Initializing Spring embedded WebApplicationContext
2025-07-09 13:15:09 INFO  [restartedMain] o.s.b.w.s.c.ServletWebServerApplicationContext - Root WebApplicationContext: initialization completed in 2909 ms
2025-07-09 13:15:09 INFO  [restartedMain] com.zaxxer.hikari.HikariDataSource - HikariPool-1 - Starting...
2025-07-09 13:15:09 INFO  [restartedMain] com.zaxxer.hikari.pool.HikariPool - HikariPool-1 - Added connection com.mysql.cj.jdbc.ConnectionImpl@253b666a
2025-07-09 13:15:09 INFO  [restartedMain] com.zaxxer.hikari.HikariDataSource - HikariPool-1 - Start completed.
2025-07-09 13:15:09 INFO  [restartedMain] o.s.b.a.h.H2ConsoleAutoConfiguration - H2 console available at '/h2-console'. Database available at 'jdbc:mysql://127.0.0.1:3306/Evidence_Service'
2025-07-09 13:15:09 DEBUG [restartedMain] c.E.security.ApiKeyAuthFilter - Filter 'apiKeyAuthFilter' configured for use
2025-07-09 13:15:09 DEBUG [restartedMain] c.E.config.JwtTokenVerifier - Filter 'jwtTokenVerifierSecurity' configured for use
2025-07-09 13:15:10 INFO  [restartedMain] o.h.jpa.internal.util.LogHelper - HHH000204: Processing PersistenceUnitInfo [name: default]
2025-07-09 13:15:10 INFO  [restartedMain] org.hibernate.Version - HHH000412: Hibernate ORM core version 6.2.20.Final
2025-07-09 13:15:10 INFO  [restartedMain] org.hibernate.cfg.Environment - HHH000406: Using bytecode reflection optimizer
2025-07-09 13:15:10 INFO  [restartedMain] o.s.o.j.p.SpringPersistenceUnitInfo - No LoadTimeWeaver setup: ignoring JPA class transformer
2025-07-09 13:15:10 WARN  [restartedMain] org.hibernate.orm.deprecation - HHH90000025: MySQLDialect does not need to be specified explicitly using 'hibernate.dialect' (remove the property setting and it will be selected by default)
2025-07-09 13:15:11 INFO  [restartedMain] o.h.e.t.j.p.i.JtaPlatformInitiator - HHH000489: No JTA platform available (set 'hibernate.transaction.jta.platform' to enable JTA platform integration)
2025-07-09 13:15:11 INFO  [restartedMain] o.s.o.j.LocalContainerEntityManagerFactoryBean - Initialized JPA EntityManagerFactory for persistence unit 'default'
2025-07-09 13:15:11 INFO  [restartedMain] o.s.d.j.r.query.QueryEnhancerFactory - Hibernate is in classpath; If applicable, HQL parser will be used.
2025-07-09 13:15:13 WARN  [restartedMain] o.s.b.a.o.j.JpaBaseConfiguration$JpaWebConfiguration - spring.jpa.open-in-view is enabled by default. Therefore, database queries may be performed during view rendering. Explicitly configure spring.jpa.open-in-view to disable this warning
2025-07-09 13:15:13 INFO  [restartedMain] o.s.b.d.a.OptionalLiveReloadServer - LiveReload server is running on port 35729
2025-07-09 13:15:13 WARN  [restartedMain] o.s.b.w.s.c.AnnotationConfigServletWebServerApplicationContext - Exception encountered during context initialization - cancelling refresh attempt: org.springframework.beans.factory.UnsatisfiedDependencyException: Error creating bean with name 'digitalInvestResultController' defined in file [D:\Day15\backend\evidence-service\target\classes\com\Evidence_Service\controller\DigitalInvestResultController.class]: Unsatisfied dependency expressed through constructor parameter 0: Error creating bean with name 'digitalInvestResultServiceImpl' defined in file [D:\Day15\backend\evidence-service\target\classes\com\Evidence_Service\service\impl\DigitalInvestResultServiceImpl.class]: Unsatisfied dependency expressed through constructor parameter 0: Error creating bean with name 'evidenceServiceImpl' defined in file [D:\Day15\backend\evidence-service\target\classes\com\Evidence_Service\service\impl\EvidenceServiceImpl.class]: Unsatisfied dependency expressed through constructor parameter 10: Error creating bean with name 'digitalInvestResultServiceImpl': Requested bean is currently in creation: Is there an unresolvable circular reference?
2025-07-09 13:15:13 INFO  [restartedMain] o.s.o.j.LocalContainerEntityManagerFactoryBean - Closing JPA EntityManagerFactory for persistence unit 'default'
2025-07-09 13:15:13 INFO  [restartedMain] com.zaxxer.hikari.HikariDataSource - HikariPool-1 - Shutdown initiated...
2025-07-09 13:15:13 INFO  [restartedMain] com.zaxxer.hikari.HikariDataSource - HikariPool-1 - Shutdown completed.
2025-07-09 13:15:13 INFO  [restartedMain] o.a.catalina.core.StandardService - Stopping service [Tomcat]
2025-07-09 13:15:13 INFO  [restartedMain] o.s.b.a.l.ConditionEvaluationReportLogger - 

Error starting ApplicationContext. To display the condition evaluation report re-run your application with 'debug' enabled.
2025-07-09 13:15:13 ERROR [restartedMain] o.s.b.d.LoggingFailureAnalysisReporter - 

***************************
APPLICATION FAILED TO START
***************************

Description:

The dependencies of some of the beans in the application context form a cycle:

   digitalInvestResultController defined in file [D:\Day15\backend\evidence-service\target\classes\com\Evidence_Service\controller\DigitalInvestResultController.class]
┌─────┐
|  digitalInvestResultServiceImpl defined in file [D:\Day15\backend\evidence-service\target\classes\com\Evidence_Service\service\impl\DigitalInvestResultServiceImpl.class]
↑     ↓
|  evidenceServiceImpl defined in file [D:\Day15\backend\evidence-service\target\classes\com\Evidence_Service\service\impl\EvidenceServiceImpl.class]
└─────┘


Action:

Relying upon circular references is discouraged and they are prohibited by default. Update your application to remove the dependency cycle between beans. As a last resort, it may be possible to break the cycle automatically by setting spring.main.allow-circular-references to true.

2025-07-09 13:16:50 INFO  [restartedMain] c.E.EvidenceServiceApplication - Starting EvidenceServiceApplication using Java 22.0.1 with PID 20068 (D:\Day15\backend\evidence-service\target\classes started by PC in D:\Day15)
2025-07-09 13:16:50 DEBUG [restartedMain] c.E.EvidenceServiceApplication - Running with Spring Boot v3.1.8, Spring v6.0.16
2025-07-09 13:16:50 INFO  [restartedMain] c.E.EvidenceServiceApplication - No active profile set, falling back to 1 default profile: "default"
2025-07-09 13:16:50 INFO  [restartedMain] o.s.b.d.e.DevToolsPropertyDefaultsPostProcessor - Devtools property defaults active! Set 'spring.devtools.add-properties' to 'false' to disable
2025-07-09 13:16:50 INFO  [restartedMain] o.s.b.d.e.DevToolsPropertyDefaultsPostProcessor - For additional web related logging consider setting the 'logging.level.web' property to 'DEBUG'
2025-07-09 13:16:51 INFO  [restartedMain] o.s.d.r.c.RepositoryConfigurationDelegate - Bootstrapping Spring Data JPA repositories in DEFAULT mode.
2025-07-09 13:16:51 INFO  [restartedMain] o.s.d.r.c.RepositoryConfigurationDelegate - Finished Spring Data repository scanning in 189 ms. Found 11 JPA repository interfaces.
2025-07-09 13:16:52 INFO  [restartedMain] o.s.cloud.context.scope.GenericScope - BeanFactory id=d0a8805a-465d-3d57-8ca4-b4c865ed16d2
2025-07-09 13:16:53 INFO  [restartedMain] o.s.b.w.e.tomcat.TomcatWebServer - Tomcat initialized with port(s): 8080 (http)
2025-07-09 13:16:53 INFO  [restartedMain] o.a.catalina.core.StandardService - Starting service [Tomcat]
2025-07-09 13:16:53 INFO  [restartedMain] o.a.catalina.core.StandardEngine - Starting Servlet engine: [Apache Tomcat/10.1.18]
2025-07-09 13:16:53 INFO  [restartedMain] o.a.c.c.C.[Tomcat].[localhost].[/] - Initializing Spring embedded WebApplicationContext
2025-07-09 13:16:53 INFO  [restartedMain] o.s.b.w.s.c.ServletWebServerApplicationContext - Root WebApplicationContext: initialization completed in 3077 ms
2025-07-09 13:16:53 INFO  [restartedMain] com.zaxxer.hikari.HikariDataSource - HikariPool-1 - Starting...
2025-07-09 13:16:53 INFO  [restartedMain] com.zaxxer.hikari.pool.HikariPool - HikariPool-1 - Added connection com.mysql.cj.jdbc.ConnectionImpl@136a2b57
2025-07-09 13:16:53 INFO  [restartedMain] com.zaxxer.hikari.HikariDataSource - HikariPool-1 - Start completed.
2025-07-09 13:16:53 INFO  [restartedMain] o.s.b.a.h.H2ConsoleAutoConfiguration - H2 console available at '/h2-console'. Database available at 'jdbc:mysql://127.0.0.1:3306/Evidence_Service'
2025-07-09 13:16:53 DEBUG [restartedMain] c.E.security.ApiKeyAuthFilter - Filter 'apiKeyAuthFilter' configured for use
2025-07-09 13:16:53 DEBUG [restartedMain] c.E.config.JwtTokenVerifier - Filter 'jwtTokenVerifierSecurity' configured for use
2025-07-09 13:16:54 INFO  [restartedMain] o.h.jpa.internal.util.LogHelper - HHH000204: Processing PersistenceUnitInfo [name: default]
2025-07-09 13:16:54 INFO  [restartedMain] org.hibernate.Version - HHH000412: Hibernate ORM core version 6.2.20.Final
2025-07-09 13:16:54 INFO  [restartedMain] org.hibernate.cfg.Environment - HHH000406: Using bytecode reflection optimizer
2025-07-09 13:16:54 INFO  [restartedMain] o.s.o.j.p.SpringPersistenceUnitInfo - No LoadTimeWeaver setup: ignoring JPA class transformer
2025-07-09 13:16:54 WARN  [restartedMain] org.hibernate.orm.deprecation - HHH90000025: MySQLDialect does not need to be specified explicitly using 'hibernate.dialect' (remove the property setting and it will be selected by default)
2025-07-09 13:16:55 INFO  [restartedMain] o.h.e.t.j.p.i.JtaPlatformInitiator - HHH000489: No JTA platform available (set 'hibernate.transaction.jta.platform' to enable JTA platform integration)
2025-07-09 13:16:55 INFO  [restartedMain] o.s.o.j.LocalContainerEntityManagerFactoryBean - Initialized JPA EntityManagerFactory for persistence unit 'default'
2025-07-09 13:16:55 WARN  [restartedMain] o.s.b.w.s.c.AnnotationConfigServletWebServerApplicationContext - Exception encountered during context initialization - cancelling refresh attempt: org.springframework.beans.factory.UnsatisfiedDependencyException: Error creating bean with name 'digitalInvestResultController' defined in file [D:\Day15\backend\evidence-service\target\classes\com\Evidence_Service\controller\DigitalInvestResultController.class]: Unsatisfied dependency expressed through constructor parameter 0: Error creating bean with name 'digitalInvestResultServiceImpl' defined in file [D:\Day15\backend\evidence-service\target\classes\com\Evidence_Service\service\impl\DigitalInvestResultServiceImpl.class]: Unsatisfied dependency expressed through constructor parameter 0: Error creating bean with name 'digitalInvestResultRepository' defined in com.Evidence_Service.repository.DigitalInvestResultRepository defined in @EnableJpaRepositories declared on JpaRepositoriesRegistrar.EnableJpaRepositoriesConfiguration: Could not create query for public abstract java.util.List com.Evidence_Service.repository.DigitalInvestResultRepository.findAllByInvestigationPlanIdAndIsDeletedFalse(java.lang.String); Reason: Failed to create query for method public abstract java.util.List com.Evidence_Service.repository.DigitalInvestResultRepository.findAllByInvestigationPlanIdAndIsDeletedFalse(java.lang.String); No property 'investigationPlanId' found for type 'DigitalInvestResult'
2025-07-09 13:16:55 INFO  [restartedMain] o.s.o.j.LocalContainerEntityManagerFactoryBean - Closing JPA EntityManagerFactory for persistence unit 'default'
2025-07-09 13:16:55 INFO  [restartedMain] com.zaxxer.hikari.HikariDataSource - HikariPool-1 - Shutdown initiated...
2025-07-09 13:16:55 INFO  [restartedMain] com.zaxxer.hikari.HikariDataSource - HikariPool-1 - Shutdown completed.
2025-07-09 13:16:55 INFO  [restartedMain] o.a.catalina.core.StandardService - Stopping service [Tomcat]
2025-07-09 13:16:55 INFO  [restartedMain] o.s.b.a.l.ConditionEvaluationReportLogger - 

Error starting ApplicationContext. To display the condition evaluation report re-run your application with 'debug' enabled.
2025-07-09 13:16:56 ERROR [restartedMain] o.s.boot.SpringApplication - Application run failed
org.springframework.beans.factory.UnsatisfiedDependencyException: Error creating bean with name 'digitalInvestResultController' defined in file [D:\Day15\backend\evidence-service\target\classes\com\Evidence_Service\controller\DigitalInvestResultController.class]: Unsatisfied dependency expressed through constructor parameter 0: Error creating bean with name 'digitalInvestResultServiceImpl' defined in file [D:\Day15\backend\evidence-service\target\classes\com\Evidence_Service\service\impl\DigitalInvestResultServiceImpl.class]: Unsatisfied dependency expressed through constructor parameter 0: Error creating bean with name 'digitalInvestResultRepository' defined in com.Evidence_Service.repository.DigitalInvestResultRepository defined in @EnableJpaRepositories declared on JpaRepositoriesRegistrar.EnableJpaRepositoriesConfiguration: Could not create query for public abstract java.util.List com.Evidence_Service.repository.DigitalInvestResultRepository.findAllByInvestigationPlanIdAndIsDeletedFalse(java.lang.String); Reason: Failed to create query for method public abstract java.util.List com.Evidence_Service.repository.DigitalInvestResultRepository.findAllByInvestigationPlanIdAndIsDeletedFalse(java.lang.String); No property 'investigationPlanId' found for type 'DigitalInvestResult'
	at org.springframework.beans.factory.support.ConstructorResolver.createArgumentArray(ConstructorResolver.java:797)
	at org.springframework.beans.factory.support.ConstructorResolver.autowireConstructor(ConstructorResolver.java:236)
	at org.springframework.beans.factory.support.AbstractAutowireCapableBeanFactory.autowireConstructor(AbstractAutowireCapableBeanFactory.java:1350)
	at org.springframework.beans.factory.support.AbstractAutowireCapableBeanFactory.createBeanInstance(AbstractAutowireCapableBeanFactory.java:1187)
	at org.springframework.beans.factory.support.AbstractAutowireCapableBeanFactory.doCreateBean(AbstractAutowireCapableBeanFactory.java:558)
	at org.springframework.beans.factory.support.AbstractAutowireCapableBeanFactory.createBean(AbstractAutowireCapableBeanFactory.java:518)
	at org.springframework.beans.factory.support.AbstractBeanFactory.lambda$doGetBean$0(AbstractBeanFactory.java:325)
	at org.springframework.beans.factory.support.DefaultSingletonBeanRegistry.getSingleton(DefaultSingletonBeanRegistry.java:234)
	at org.springframework.beans.factory.support.AbstractBeanFactory.doGetBean(AbstractBeanFactory.java:323)
	at org.springframework.beans.factory.support.AbstractBeanFactory.getBean(AbstractBeanFactory.java:199)
	at org.springframework.beans.factory.support.DefaultListableBeanFactory.preInstantiateSingletons(DefaultListableBeanFactory.java:973)
	at org.springframework.context.support.AbstractApplicationContext.finishBeanFactoryInitialization(AbstractApplicationContext.java:949)
	at org.springframework.context.support.AbstractApplicationContext.refresh(AbstractApplicationContext.java:615)
	at org.springframework.boot.web.servlet.context.ServletWebServerApplicationContext.refresh(ServletWebServerApplicationContext.java:146)
	at org.springframework.boot.SpringApplication.refresh(SpringApplication.java:738)
	at org.springframework.boot.SpringApplication.refreshContext(SpringApplication.java:440)
	at org.springframework.boot.SpringApplication.run(SpringApplication.java:324)
	at org.springframework.boot.SpringApplication.run(SpringApplication.java:1317)
	at org.springframework.boot.SpringApplication.run(SpringApplication.java:1306)
	at com.Evidence_Service.EvidenceServiceApplication.main(EvidenceServiceApplication.java:22)
	at java.base/jdk.internal.reflect.DirectMethodHandleAccessor.invoke(DirectMethodHandleAccessor.java:103)
	at java.base/java.lang.reflect.Method.invoke(Method.java:580)
	at org.springframework.boot.devtools.restart.RestartLauncher.run(RestartLauncher.java:50)
Caused by: org.springframework.beans.factory.UnsatisfiedDependencyException: Error creating bean with name 'digitalInvestResultServiceImpl' defined in file [D:\Day15\backend\evidence-service\target\classes\com\Evidence_Service\service\impl\DigitalInvestResultServiceImpl.class]: Unsatisfied dependency expressed through constructor parameter 0: Error creating bean with name 'digitalInvestResultRepository' defined in com.Evidence_Service.repository.DigitalInvestResultRepository defined in @EnableJpaRepositories declared on JpaRepositoriesRegistrar.EnableJpaRepositoriesConfiguration: Could not create query for public abstract java.util.List com.Evidence_Service.repository.DigitalInvestResultRepository.findAllByInvestigationPlanIdAndIsDeletedFalse(java.lang.String); Reason: Failed to create query for method public abstract java.util.List com.Evidence_Service.repository.DigitalInvestResultRepository.findAllByInvestigationPlanIdAndIsDeletedFalse(java.lang.String); No property 'investigationPlanId' found for type 'DigitalInvestResult'
	at org.springframework.beans.factory.support.ConstructorResolver.createArgumentArray(ConstructorResolver.java:797)
	at org.springframework.beans.factory.support.ConstructorResolver.autowireConstructor(ConstructorResolver.java:236)
	at org.springframework.beans.factory.support.AbstractAutowireCapableBeanFactory.autowireConstructor(AbstractAutowireCapableBeanFactory.java:1350)
	at org.springframework.beans.factory.support.AbstractAutowireCapableBeanFactory.createBeanInstance(AbstractAutowireCapableBeanFactory.java:1187)
	at org.springframework.beans.factory.support.AbstractAutowireCapableBeanFactory.doCreateBean(AbstractAutowireCapableBeanFactory.java:558)
	at org.springframework.beans.factory.support.AbstractAutowireCapableBeanFactory.createBean(AbstractAutowireCapableBeanFactory.java:518)
	at org.springframework.beans.factory.support.AbstractBeanFactory.lambda$doGetBean$0(AbstractBeanFactory.java:325)
	at org.springframework.beans.factory.support.DefaultSingletonBeanRegistry.getSingleton(DefaultSingletonBeanRegistry.java:234)
	at org.springframework.beans.factory.support.AbstractBeanFactory.doGetBean(AbstractBeanFactory.java:323)
	at org.springframework.beans.factory.support.AbstractBeanFactory.getBean(AbstractBeanFactory.java:199)
	at org.springframework.beans.factory.config.DependencyDescriptor.resolveCandidate(DependencyDescriptor.java:254)
	at org.springframework.beans.factory.support.DefaultListableBeanFactory.doResolveDependency(DefaultListableBeanFactory.java:1417)
	at org.springframework.beans.factory.support.DefaultListableBeanFactory.resolveDependency(DefaultListableBeanFactory.java:1337)
	at org.springframework.beans.factory.support.ConstructorResolver.resolveAutowiredArgument(ConstructorResolver.java:906)
	at org.springframework.beans.factory.support.ConstructorResolver.createArgumentArray(ConstructorResolver.java:784)
	... 22 common frames omitted
Caused by: org.springframework.beans.factory.BeanCreationException: Error creating bean with name 'digitalInvestResultRepository' defined in com.Evidence_Service.repository.DigitalInvestResultRepository defined in @EnableJpaRepositories declared on JpaRepositoriesRegistrar.EnableJpaRepositoriesConfiguration: Could not create query for public abstract java.util.List com.Evidence_Service.repository.DigitalInvestResultRepository.findAllByInvestigationPlanIdAndIsDeletedFalse(java.lang.String); Reason: Failed to create query for method public abstract java.util.List com.Evidence_Service.repository.DigitalInvestResultRepository.findAllByInvestigationPlanIdAndIsDeletedFalse(java.lang.String); No property 'investigationPlanId' found for type 'DigitalInvestResult'
	at org.springframework.beans.factory.support.AbstractAutowireCapableBeanFactory.initializeBean(AbstractAutowireCapableBeanFactory.java:1768)
	at org.springframework.beans.factory.support.AbstractAutowireCapableBeanFactory.doCreateBean(AbstractAutowireCapableBeanFactory.java:596)
	at org.springframework.beans.factory.support.AbstractAutowireCapableBeanFactory.createBean(AbstractAutowireCapableBeanFactory.java:518)
	at org.springframework.beans.factory.support.AbstractBeanFactory.lambda$doGetBean$0(AbstractBeanFactory.java:325)
	at org.springframework.beans.factory.support.DefaultSingletonBeanRegistry.getSingleton(DefaultSingletonBeanRegistry.java:234)
	at org.springframework.beans.factory.support.AbstractBeanFactory.doGetBean(AbstractBeanFactory.java:323)
	at org.springframework.beans.factory.support.AbstractBeanFactory.getBean(AbstractBeanFactory.java:199)
	at org.springframework.beans.factory.config.DependencyDescriptor.resolveCandidate(DependencyDescriptor.java:254)
	at org.springframework.beans.factory.support.DefaultListableBeanFactory.doResolveDependency(DefaultListableBeanFactory.java:1417)
	at org.springframework.beans.factory.support.DefaultListableBeanFactory.resolveDependency(DefaultListableBeanFactory.java:1337)
	at org.springframework.beans.factory.support.ConstructorResolver.resolveAutowiredArgument(ConstructorResolver.java:906)
	at org.springframework.beans.factory.support.ConstructorResolver.createArgumentArray(ConstructorResolver.java:784)
	... 36 common frames omitted
Caused by: org.springframework.data.repository.query.QueryCreationException: Could not create query for public abstract java.util.List com.Evidence_Service.repository.DigitalInvestResultRepository.findAllByInvestigationPlanIdAndIsDeletedFalse(java.lang.String); Reason: Failed to create query for method public abstract java.util.List com.Evidence_Service.repository.DigitalInvestResultRepository.findAllByInvestigationPlanIdAndIsDeletedFalse(java.lang.String); No property 'investigationPlanId' found for type 'DigitalInvestResult'
	at org.springframework.data.repository.query.QueryCreationException.create(QueryCreationException.java:101)
	at org.springframework.data.repository.core.support.QueryExecutorMethodInterceptor.lookupQuery(QueryExecutorMethodInterceptor.java:115)
	at org.springframework.data.repository.core.support.QueryExecutorMethodInterceptor.mapMethodsToQuery(QueryExecutorMethodInterceptor.java:99)
	at org.springframework.data.repository.core.support.QueryExecutorMethodInterceptor.lambda$new$0(QueryExecutorMethodInterceptor.java:88)
	at java.base/java.util.Optional.map(Optional.java:260)
	at org.springframework.data.repository.core.support.QueryExecutorMethodInterceptor.<init>(QueryExecutorMethodInterceptor.java:88)
	at org.springframework.data.repository.core.support.RepositoryFactorySupport.getRepository(RepositoryFactorySupport.java:357)
	at org.springframework.data.repository.core.support.RepositoryFactoryBeanSupport.lambda$afterPropertiesSet$5(RepositoryFactoryBeanSupport.java:279)
	at org.springframework.data.util.Lazy.getNullable(Lazy.java:245)
	at org.springframework.data.util.Lazy.get(Lazy.java:114)
	at org.springframework.data.repository.core.support.RepositoryFactoryBeanSupport.afterPropertiesSet(RepositoryFactoryBeanSupport.java:285)
	at org.springframework.data.jpa.repository.support.JpaRepositoryFactoryBean.afterPropertiesSet(JpaRepositoryFactoryBean.java:132)
	at org.springframework.beans.factory.support.AbstractAutowireCapableBeanFactory.invokeInitMethods(AbstractAutowireCapableBeanFactory.java:1815)
	at org.springframework.beans.factory.support.AbstractAutowireCapableBeanFactory.initializeBean(AbstractAutowireCapableBeanFactory.java:1764)
	... 47 common frames omitted
Caused by: java.lang.IllegalArgumentException: Failed to create query for method public abstract java.util.List com.Evidence_Service.repository.DigitalInvestResultRepository.findAllByInvestigationPlanIdAndIsDeletedFalse(java.lang.String); No property 'investigationPlanId' found for type 'DigitalInvestResult'
	at org.springframework.data.jpa.repository.query.PartTreeJpaQuery.<init>(PartTreeJpaQuery.java:107)
	at org.springframework.data.jpa.repository.query.JpaQueryLookupStrategy$CreateQueryLookupStrategy.resolveQuery(JpaQueryLookupStrategy.java:124)
	at org.springframework.data.jpa.repository.query.JpaQueryLookupStrategy$CreateIfNotFoundQueryLookupStrategy.resolveQuery(JpaQueryLookupStrategy.java:258)
	at org.springframework.data.jpa.repository.query.JpaQueryLookupStrategy$AbstractQueryLookupStrategy.resolveQuery(JpaQueryLookupStrategy.java:95)
	at org.springframework.data.repository.core.support.QueryExecutorMethodInterceptor.lookupQuery(QueryExecutorMethodInterceptor.java:111)
	... 59 common frames omitted
Caused by: org.springframework.data.mapping.PropertyReferenceException: No property 'investigationPlanId' found for type 'DigitalInvestResult'
	at org.springframework.data.mapping.PropertyPath.<init>(PropertyPath.java:90)
	at org.springframework.data.mapping.PropertyPath.create(PropertyPath.java:443)
	at org.springframework.data.mapping.PropertyPath.create(PropertyPath.java:419)
	at org.springframework.data.mapping.PropertyPath.lambda$from$0(PropertyPath.java:372)
	at java.base/java.util.concurrent.ConcurrentMap.computeIfAbsent(ConcurrentMap.java:330)
	at org.springframework.data.mapping.PropertyPath.from(PropertyPath.java:354)
	at org.springframework.data.mapping.PropertyPath.from(PropertyPath.java:332)
	at org.springframework.data.repository.query.parser.Part.<init>(Part.java:81)
	at org.springframework.data.repository.query.parser.PartTree$OrPart.lambda$new$0(PartTree.java:242)
	at java.base/java.util.stream.ReferencePipeline$3$1.accept(ReferencePipeline.java:212)
	at java.base/java.util.stream.ReferencePipeline$2$1.accept(ReferencePipeline.java:194)
	at java.base/java.util.Spliterators$ArraySpliterator.forEachRemaining(Spliterators.java:1024)
	at java.base/java.util.stream.AbstractPipeline.copyInto(AbstractPipeline.java:556)
	at java.base/java.util.stream.AbstractPipeline.wrapAndCopyInto(AbstractPipeline.java:546)
	at java.base/java.util.stream.ReduceOps$ReduceOp.evaluateSequential(ReduceOps.java:921)
	at java.base/java.util.stream.AbstractPipeline.evaluate(AbstractPipeline.java:265)
	at java.base/java.util.stream.ReferencePipeline.collect(ReferencePipeline.java:702)
	at org.springframework.data.repository.query.parser.PartTree$OrPart.<init>(PartTree.java:243)
	at org.springframework.data.repository.query.parser.PartTree$Predicate.lambda$new$0(PartTree.java:372)
	at java.base/java.util.stream.ReferencePipeline$3$1.accept(ReferencePipeline.java:212)
	at java.base/java.util.stream.ReferencePipeline$2$1.accept(ReferencePipeline.java:194)
	at java.base/java.util.Spliterators$ArraySpliterator.forEachRemaining(Spliterators.java:1024)
	at java.base/java.util.stream.AbstractPipeline.copyInto(AbstractPipeline.java:556)
	at java.base/java.util.stream.AbstractPipeline.wrapAndCopyInto(AbstractPipeline.java:546)
	at java.base/java.util.stream.ReduceOps$ReduceOp.evaluateSequential(ReduceOps.java:921)
	at java.base/java.util.stream.AbstractPipeline.evaluate(AbstractPipeline.java:265)
	at java.base/java.util.stream.ReferencePipeline.collect(ReferencePipeline.java:702)
	at org.springframework.data.repository.query.parser.PartTree$Predicate.<init>(PartTree.java:373)
	at org.springframework.data.repository.query.parser.PartTree.<init>(PartTree.java:96)
	at org.springframework.data.jpa.repository.query.PartTreeJpaQuery.<init>(PartTreeJpaQuery.java:100)
	... 63 common frames omitted
2025-07-09 13:18:45 INFO  [restartedMain] c.E.EvidenceServiceApplication - Starting EvidenceServiceApplication using Java 22.0.1 with PID 7244 (D:\Day15\backend\evidence-service\target\classes started by PC in D:\Day15)
2025-07-09 13:18:45 DEBUG [restartedMain] c.E.EvidenceServiceApplication - Running with Spring Boot v3.1.8, Spring v6.0.16
2025-07-09 13:18:45 INFO  [restartedMain] c.E.EvidenceServiceApplication - No active profile set, falling back to 1 default profile: "default"
2025-07-09 13:18:45 INFO  [restartedMain] o.s.b.d.e.DevToolsPropertyDefaultsPostProcessor - Devtools property defaults active! Set 'spring.devtools.add-properties' to 'false' to disable
2025-07-09 13:18:45 INFO  [restartedMain] o.s.b.d.e.DevToolsPropertyDefaultsPostProcessor - For additional web related logging consider setting the 'logging.level.web' property to 'DEBUG'
2025-07-09 13:18:47 INFO  [restartedMain] o.s.d.r.c.RepositoryConfigurationDelegate - Bootstrapping Spring Data JPA repositories in DEFAULT mode.
2025-07-09 13:18:47 INFO  [restartedMain] o.s.d.r.c.RepositoryConfigurationDelegate - Finished Spring Data repository scanning in 171 ms. Found 11 JPA repository interfaces.
2025-07-09 13:18:47 INFO  [restartedMain] o.s.cloud.context.scope.GenericScope - BeanFactory id=d0a8805a-465d-3d57-8ca4-b4c865ed16d2
2025-07-09 13:18:48 INFO  [restartedMain] o.s.b.w.e.tomcat.TomcatWebServer - Tomcat initialized with port(s): 8080 (http)
2025-07-09 13:18:48 INFO  [restartedMain] o.a.catalina.core.StandardService - Starting service [Tomcat]
2025-07-09 13:18:48 INFO  [restartedMain] o.a.catalina.core.StandardEngine - Starting Servlet engine: [Apache Tomcat/10.1.18]
2025-07-09 13:18:48 INFO  [restartedMain] o.a.c.c.C.[Tomcat].[localhost].[/] - Initializing Spring embedded WebApplicationContext
2025-07-09 13:18:48 INFO  [restartedMain] o.s.b.w.s.c.ServletWebServerApplicationContext - Root WebApplicationContext: initialization completed in 2940 ms
2025-07-09 13:18:48 INFO  [restartedMain] com.zaxxer.hikari.HikariDataSource - HikariPool-1 - Starting...
2025-07-09 13:18:49 INFO  [restartedMain] com.zaxxer.hikari.pool.HikariPool - HikariPool-1 - Added connection com.mysql.cj.jdbc.ConnectionImpl@51da6c5d
2025-07-09 13:18:49 INFO  [restartedMain] com.zaxxer.hikari.HikariDataSource - HikariPool-1 - Start completed.
2025-07-09 13:18:49 INFO  [restartedMain] o.s.b.a.h.H2ConsoleAutoConfiguration - H2 console available at '/h2-console'. Database available at 'jdbc:mysql://127.0.0.1:3306/Evidence_Service'
2025-07-09 13:18:49 DEBUG [restartedMain] c.E.security.ApiKeyAuthFilter - Filter 'apiKeyAuthFilter' configured for use
2025-07-09 13:18:49 DEBUG [restartedMain] c.E.config.JwtTokenVerifier - Filter 'jwtTokenVerifierSecurity' configured for use
2025-07-09 13:18:49 INFO  [restartedMain] o.h.jpa.internal.util.LogHelper - HHH000204: Processing PersistenceUnitInfo [name: default]
2025-07-09 13:18:49 INFO  [restartedMain] org.hibernate.Version - HHH000412: Hibernate ORM core version 6.2.20.Final
2025-07-09 13:18:49 INFO  [restartedMain] org.hibernate.cfg.Environment - HHH000406: Using bytecode reflection optimizer
2025-07-09 13:18:49 INFO  [restartedMain] o.s.o.j.p.SpringPersistenceUnitInfo - No LoadTimeWeaver setup: ignoring JPA class transformer
2025-07-09 13:18:49 WARN  [restartedMain] org.hibernate.orm.deprecation - HHH90000025: MySQLDialect does not need to be specified explicitly using 'hibernate.dialect' (remove the property setting and it will be selected by default)
2025-07-09 13:18:51 INFO  [restartedMain] o.h.e.t.j.p.i.JtaPlatformInitiator - HHH000489: No JTA platform available (set 'hibernate.transaction.jta.platform' to enable JTA platform integration)
2025-07-09 13:18:51 INFO  [restartedMain] o.s.o.j.LocalContainerEntityManagerFactoryBean - Initialized JPA EntityManagerFactory for persistence unit 'default'
2025-07-09 13:18:51 WARN  [restartedMain] o.s.b.w.s.c.AnnotationConfigServletWebServerApplicationContext - Exception encountered during context initialization - cancelling refresh attempt: org.springframework.beans.factory.UnsatisfiedDependencyException: Error creating bean with name 'digitalInvestResultController' defined in file [D:\Day15\backend\evidence-service\target\classes\com\Evidence_Service\controller\DigitalInvestResultController.class]: Unsatisfied dependency expressed through constructor parameter 0: Error creating bean with name 'digitalInvestResultServiceImpl' defined in file [D:\Day15\backend\evidence-service\target\classes\com\Evidence_Service\service\impl\DigitalInvestResultServiceImpl.class]: Unsatisfied dependency expressed through constructor parameter 0: Error creating bean with name 'digitalInvestResultRepository' defined in com.Evidence_Service.repository.DigitalInvestResultRepository defined in @EnableJpaRepositories declared on JpaRepositoriesRegistrar.EnableJpaRepositoriesConfiguration: Could not create query for public abstract java.util.List com.Evidence_Service.repository.DigitalInvestResultRepository.findAllByInvestigationPlanIdAndIsDeletedFalse(java.lang.String); Reason: Failed to create query for method public abstract java.util.List com.Evidence_Service.repository.DigitalInvestResultRepository.findAllByInvestigationPlanIdAndIsDeletedFalse(java.lang.String); No property 'investigationPlanId' found for type 'DigitalInvestResult'
2025-07-09 13:18:51 INFO  [restartedMain] o.s.o.j.LocalContainerEntityManagerFactoryBean - Closing JPA EntityManagerFactory for persistence unit 'default'
2025-07-09 13:18:51 INFO  [restartedMain] com.zaxxer.hikari.HikariDataSource - HikariPool-1 - Shutdown initiated...
2025-07-09 13:18:51 INFO  [restartedMain] com.zaxxer.hikari.HikariDataSource - HikariPool-1 - Shutdown completed.
2025-07-09 13:18:51 INFO  [restartedMain] o.a.catalina.core.StandardService - Stopping service [Tomcat]
2025-07-09 13:18:51 INFO  [restartedMain] o.s.b.a.l.ConditionEvaluationReportLogger - 

Error starting ApplicationContext. To display the condition evaluation report re-run your application with 'debug' enabled.
2025-07-09 13:18:51 ERROR [restartedMain] o.s.boot.SpringApplication - Application run failed
org.springframework.beans.factory.UnsatisfiedDependencyException: Error creating bean with name 'digitalInvestResultController' defined in file [D:\Day15\backend\evidence-service\target\classes\com\Evidence_Service\controller\DigitalInvestResultController.class]: Unsatisfied dependency expressed through constructor parameter 0: Error creating bean with name 'digitalInvestResultServiceImpl' defined in file [D:\Day15\backend\evidence-service\target\classes\com\Evidence_Service\service\impl\DigitalInvestResultServiceImpl.class]: Unsatisfied dependency expressed through constructor parameter 0: Error creating bean with name 'digitalInvestResultRepository' defined in com.Evidence_Service.repository.DigitalInvestResultRepository defined in @EnableJpaRepositories declared on JpaRepositoriesRegistrar.EnableJpaRepositoriesConfiguration: Could not create query for public abstract java.util.List com.Evidence_Service.repository.DigitalInvestResultRepository.findAllByInvestigationPlanIdAndIsDeletedFalse(java.lang.String); Reason: Failed to create query for method public abstract java.util.List com.Evidence_Service.repository.DigitalInvestResultRepository.findAllByInvestigationPlanIdAndIsDeletedFalse(java.lang.String); No property 'investigationPlanId' found for type 'DigitalInvestResult'
	at org.springframework.beans.factory.support.ConstructorResolver.createArgumentArray(ConstructorResolver.java:797)
	at org.springframework.beans.factory.support.ConstructorResolver.autowireConstructor(ConstructorResolver.java:236)
	at org.springframework.beans.factory.support.AbstractAutowireCapableBeanFactory.autowireConstructor(AbstractAutowireCapableBeanFactory.java:1350)
	at org.springframework.beans.factory.support.AbstractAutowireCapableBeanFactory.createBeanInstance(AbstractAutowireCapableBeanFactory.java:1187)
	at org.springframework.beans.factory.support.AbstractAutowireCapableBeanFactory.doCreateBean(AbstractAutowireCapableBeanFactory.java:558)
	at org.springframework.beans.factory.support.AbstractAutowireCapableBeanFactory.createBean(AbstractAutowireCapableBeanFactory.java:518)
	at org.springframework.beans.factory.support.AbstractBeanFactory.lambda$doGetBean$0(AbstractBeanFactory.java:325)
	at org.springframework.beans.factory.support.DefaultSingletonBeanRegistry.getSingleton(DefaultSingletonBeanRegistry.java:234)
	at org.springframework.beans.factory.support.AbstractBeanFactory.doGetBean(AbstractBeanFactory.java:323)
	at org.springframework.beans.factory.support.AbstractBeanFactory.getBean(AbstractBeanFactory.java:199)
	at org.springframework.beans.factory.support.DefaultListableBeanFactory.preInstantiateSingletons(DefaultListableBeanFactory.java:973)
	at org.springframework.context.support.AbstractApplicationContext.finishBeanFactoryInitialization(AbstractApplicationContext.java:949)
	at org.springframework.context.support.AbstractApplicationContext.refresh(AbstractApplicationContext.java:615)
	at org.springframework.boot.web.servlet.context.ServletWebServerApplicationContext.refresh(ServletWebServerApplicationContext.java:146)
	at org.springframework.boot.SpringApplication.refresh(SpringApplication.java:738)
	at org.springframework.boot.SpringApplication.refreshContext(SpringApplication.java:440)
	at org.springframework.boot.SpringApplication.run(SpringApplication.java:324)
	at org.springframework.boot.SpringApplication.run(SpringApplication.java:1317)
	at org.springframework.boot.SpringApplication.run(SpringApplication.java:1306)
	at com.Evidence_Service.EvidenceServiceApplication.main(EvidenceServiceApplication.java:22)
	at java.base/jdk.internal.reflect.DirectMethodHandleAccessor.invoke(DirectMethodHandleAccessor.java:103)
	at java.base/java.lang.reflect.Method.invoke(Method.java:580)
	at org.springframework.boot.devtools.restart.RestartLauncher.run(RestartLauncher.java:50)
Caused by: org.springframework.beans.factory.UnsatisfiedDependencyException: Error creating bean with name 'digitalInvestResultServiceImpl' defined in file [D:\Day15\backend\evidence-service\target\classes\com\Evidence_Service\service\impl\DigitalInvestResultServiceImpl.class]: Unsatisfied dependency expressed through constructor parameter 0: Error creating bean with name 'digitalInvestResultRepository' defined in com.Evidence_Service.repository.DigitalInvestResultRepository defined in @EnableJpaRepositories declared on JpaRepositoriesRegistrar.EnableJpaRepositoriesConfiguration: Could not create query for public abstract java.util.List com.Evidence_Service.repository.DigitalInvestResultRepository.findAllByInvestigationPlanIdAndIsDeletedFalse(java.lang.String); Reason: Failed to create query for method public abstract java.util.List com.Evidence_Service.repository.DigitalInvestResultRepository.findAllByInvestigationPlanIdAndIsDeletedFalse(java.lang.String); No property 'investigationPlanId' found for type 'DigitalInvestResult'
	at org.springframework.beans.factory.support.ConstructorResolver.createArgumentArray(ConstructorResolver.java:797)
	at org.springframework.beans.factory.support.ConstructorResolver.autowireConstructor(ConstructorResolver.java:236)
	at org.springframework.beans.factory.support.AbstractAutowireCapableBeanFactory.autowireConstructor(AbstractAutowireCapableBeanFactory.java:1350)
	at org.springframework.beans.factory.support.AbstractAutowireCapableBeanFactory.createBeanInstance(AbstractAutowireCapableBeanFactory.java:1187)
	at org.springframework.beans.factory.support.AbstractAutowireCapableBeanFactory.doCreateBean(AbstractAutowireCapableBeanFactory.java:558)
	at org.springframework.beans.factory.support.AbstractAutowireCapableBeanFactory.createBean(AbstractAutowireCapableBeanFactory.java:518)
	at org.springframework.beans.factory.support.AbstractBeanFactory.lambda$doGetBean$0(AbstractBeanFactory.java:325)
	at org.springframework.beans.factory.support.DefaultSingletonBeanRegistry.getSingleton(DefaultSingletonBeanRegistry.java:234)
	at org.springframework.beans.factory.support.AbstractBeanFactory.doGetBean(AbstractBeanFactory.java:323)
	at org.springframework.beans.factory.support.AbstractBeanFactory.getBean(AbstractBeanFactory.java:199)
	at org.springframework.beans.factory.config.DependencyDescriptor.resolveCandidate(DependencyDescriptor.java:254)
	at org.springframework.beans.factory.support.DefaultListableBeanFactory.doResolveDependency(DefaultListableBeanFactory.java:1417)
	at org.springframework.beans.factory.support.DefaultListableBeanFactory.resolveDependency(DefaultListableBeanFactory.java:1337)
	at org.springframework.beans.factory.support.ConstructorResolver.resolveAutowiredArgument(ConstructorResolver.java:906)
	at org.springframework.beans.factory.support.ConstructorResolver.createArgumentArray(ConstructorResolver.java:784)
	... 22 common frames omitted
Caused by: org.springframework.beans.factory.BeanCreationException: Error creating bean with name 'digitalInvestResultRepository' defined in com.Evidence_Service.repository.DigitalInvestResultRepository defined in @EnableJpaRepositories declared on JpaRepositoriesRegistrar.EnableJpaRepositoriesConfiguration: Could not create query for public abstract java.util.List com.Evidence_Service.repository.DigitalInvestResultRepository.findAllByInvestigationPlanIdAndIsDeletedFalse(java.lang.String); Reason: Failed to create query for method public abstract java.util.List com.Evidence_Service.repository.DigitalInvestResultRepository.findAllByInvestigationPlanIdAndIsDeletedFalse(java.lang.String); No property 'investigationPlanId' found for type 'DigitalInvestResult'
	at org.springframework.beans.factory.support.AbstractAutowireCapableBeanFactory.initializeBean(AbstractAutowireCapableBeanFactory.java:1768)
	at org.springframework.beans.factory.support.AbstractAutowireCapableBeanFactory.doCreateBean(AbstractAutowireCapableBeanFactory.java:596)
	at org.springframework.beans.factory.support.AbstractAutowireCapableBeanFactory.createBean(AbstractAutowireCapableBeanFactory.java:518)
	at org.springframework.beans.factory.support.AbstractBeanFactory.lambda$doGetBean$0(AbstractBeanFactory.java:325)
	at org.springframework.beans.factory.support.DefaultSingletonBeanRegistry.getSingleton(DefaultSingletonBeanRegistry.java:234)
	at org.springframework.beans.factory.support.AbstractBeanFactory.doGetBean(AbstractBeanFactory.java:323)
	at org.springframework.beans.factory.support.AbstractBeanFactory.getBean(AbstractBeanFactory.java:199)
	at org.springframework.beans.factory.config.DependencyDescriptor.resolveCandidate(DependencyDescriptor.java:254)
	at org.springframework.beans.factory.support.DefaultListableBeanFactory.doResolveDependency(DefaultListableBeanFactory.java:1417)
	at org.springframework.beans.factory.support.DefaultListableBeanFactory.resolveDependency(DefaultListableBeanFactory.java:1337)
	at org.springframework.beans.factory.support.ConstructorResolver.resolveAutowiredArgument(ConstructorResolver.java:906)
	at org.springframework.beans.factory.support.ConstructorResolver.createArgumentArray(ConstructorResolver.java:784)
	... 36 common frames omitted
Caused by: org.springframework.data.repository.query.QueryCreationException: Could not create query for public abstract java.util.List com.Evidence_Service.repository.DigitalInvestResultRepository.findAllByInvestigationPlanIdAndIsDeletedFalse(java.lang.String); Reason: Failed to create query for method public abstract java.util.List com.Evidence_Service.repository.DigitalInvestResultRepository.findAllByInvestigationPlanIdAndIsDeletedFalse(java.lang.String); No property 'investigationPlanId' found for type 'DigitalInvestResult'
	at org.springframework.data.repository.query.QueryCreationException.create(QueryCreationException.java:101)
	at org.springframework.data.repository.core.support.QueryExecutorMethodInterceptor.lookupQuery(QueryExecutorMethodInterceptor.java:115)
	at org.springframework.data.repository.core.support.QueryExecutorMethodInterceptor.mapMethodsToQuery(QueryExecutorMethodInterceptor.java:99)
	at org.springframework.data.repository.core.support.QueryExecutorMethodInterceptor.lambda$new$0(QueryExecutorMethodInterceptor.java:88)
	at java.base/java.util.Optional.map(Optional.java:260)
	at org.springframework.data.repository.core.support.QueryExecutorMethodInterceptor.<init>(QueryExecutorMethodInterceptor.java:88)
	at org.springframework.data.repository.core.support.RepositoryFactorySupport.getRepository(RepositoryFactorySupport.java:357)
	at org.springframework.data.repository.core.support.RepositoryFactoryBeanSupport.lambda$afterPropertiesSet$5(RepositoryFactoryBeanSupport.java:279)
	at org.springframework.data.util.Lazy.getNullable(Lazy.java:245)
	at org.springframework.data.util.Lazy.get(Lazy.java:114)
	at org.springframework.data.repository.core.support.RepositoryFactoryBeanSupport.afterPropertiesSet(RepositoryFactoryBeanSupport.java:285)
	at org.springframework.data.jpa.repository.support.JpaRepositoryFactoryBean.afterPropertiesSet(JpaRepositoryFactoryBean.java:132)
	at org.springframework.beans.factory.support.AbstractAutowireCapableBeanFactory.invokeInitMethods(AbstractAutowireCapableBeanFactory.java:1815)
	at org.springframework.beans.factory.support.AbstractAutowireCapableBeanFactory.initializeBean(AbstractAutowireCapableBeanFactory.java:1764)
	... 47 common frames omitted
Caused by: java.lang.IllegalArgumentException: Failed to create query for method public abstract java.util.List com.Evidence_Service.repository.DigitalInvestResultRepository.findAllByInvestigationPlanIdAndIsDeletedFalse(java.lang.String); No property 'investigationPlanId' found for type 'DigitalInvestResult'
	at org.springframework.data.jpa.repository.query.PartTreeJpaQuery.<init>(PartTreeJpaQuery.java:107)
	at org.springframework.data.jpa.repository.query.JpaQueryLookupStrategy$CreateQueryLookupStrategy.resolveQuery(JpaQueryLookupStrategy.java:124)
	at org.springframework.data.jpa.repository.query.JpaQueryLookupStrategy$CreateIfNotFoundQueryLookupStrategy.resolveQuery(JpaQueryLookupStrategy.java:258)
	at org.springframework.data.jpa.repository.query.JpaQueryLookupStrategy$AbstractQueryLookupStrategy.resolveQuery(JpaQueryLookupStrategy.java:95)
	at org.springframework.data.repository.core.support.QueryExecutorMethodInterceptor.lookupQuery(QueryExecutorMethodInterceptor.java:111)
	... 59 common frames omitted
Caused by: org.springframework.data.mapping.PropertyReferenceException: No property 'investigationPlanId' found for type 'DigitalInvestResult'
	at org.springframework.data.mapping.PropertyPath.<init>(PropertyPath.java:90)
	at org.springframework.data.mapping.PropertyPath.create(PropertyPath.java:443)
	at org.springframework.data.mapping.PropertyPath.create(PropertyPath.java:419)
	at org.springframework.data.mapping.PropertyPath.lambda$from$0(PropertyPath.java:372)
	at java.base/java.util.concurrent.ConcurrentMap.computeIfAbsent(ConcurrentMap.java:330)
	at org.springframework.data.mapping.PropertyPath.from(PropertyPath.java:354)
	at org.springframework.data.mapping.PropertyPath.from(PropertyPath.java:332)
	at org.springframework.data.repository.query.parser.Part.<init>(Part.java:81)
	at org.springframework.data.repository.query.parser.PartTree$OrPart.lambda$new$0(PartTree.java:242)
	at java.base/java.util.stream.ReferencePipeline$3$1.accept(ReferencePipeline.java:212)
	at java.base/java.util.stream.ReferencePipeline$2$1.accept(ReferencePipeline.java:194)
	at java.base/java.util.Spliterators$ArraySpliterator.forEachRemaining(Spliterators.java:1024)
	at java.base/java.util.stream.AbstractPipeline.copyInto(AbstractPipeline.java:556)
	at java.base/java.util.stream.AbstractPipeline.wrapAndCopyInto(AbstractPipeline.java:546)
	at java.base/java.util.stream.ReduceOps$ReduceOp.evaluateSequential(ReduceOps.java:921)
	at java.base/java.util.stream.AbstractPipeline.evaluate(AbstractPipeline.java:265)
	at java.base/java.util.stream.ReferencePipeline.collect(ReferencePipeline.java:702)
	at org.springframework.data.repository.query.parser.PartTree$OrPart.<init>(PartTree.java:243)
	at org.springframework.data.repository.query.parser.PartTree$Predicate.lambda$new$0(PartTree.java:372)
	at java.base/java.util.stream.ReferencePipeline$3$1.accept(ReferencePipeline.java:212)
	at java.base/java.util.stream.ReferencePipeline$2$1.accept(ReferencePipeline.java:194)
	at java.base/java.util.Spliterators$ArraySpliterator.forEachRemaining(Spliterators.java:1024)
	at java.base/java.util.stream.AbstractPipeline.copyInto(AbstractPipeline.java:556)
	at java.base/java.util.stream.AbstractPipeline.wrapAndCopyInto(AbstractPipeline.java:546)
	at java.base/java.util.stream.ReduceOps$ReduceOp.evaluateSequential(ReduceOps.java:921)
	at java.base/java.util.stream.AbstractPipeline.evaluate(AbstractPipeline.java:265)
	at java.base/java.util.stream.ReferencePipeline.collect(ReferencePipeline.java:702)
	at org.springframework.data.repository.query.parser.PartTree$Predicate.<init>(PartTree.java:373)
	at org.springframework.data.repository.query.parser.PartTree.<init>(PartTree.java:96)
	at org.springframework.data.jpa.repository.query.PartTreeJpaQuery.<init>(PartTreeJpaQuery.java:100)
	... 63 common frames omitted
2025-07-09 13:22:43 INFO  [restartedMain] c.E.EvidenceServiceApplication - Starting EvidenceServiceApplication using Java 22.0.1 with PID 27136 (D:\Day15\backend\evidence-service\target\classes started by PC in D:\Day15)
2025-07-09 13:22:43 DEBUG [restartedMain] c.E.EvidenceServiceApplication - Running with Spring Boot v3.1.8, Spring v6.0.16
2025-07-09 13:22:43 INFO  [restartedMain] c.E.EvidenceServiceApplication - No active profile set, falling back to 1 default profile: "default"
2025-07-09 13:22:44 INFO  [restartedMain] o.s.b.d.e.DevToolsPropertyDefaultsPostProcessor - Devtools property defaults active! Set 'spring.devtools.add-properties' to 'false' to disable
2025-07-09 13:22:44 INFO  [restartedMain] o.s.b.d.e.DevToolsPropertyDefaultsPostProcessor - For additional web related logging consider setting the 'logging.level.web' property to 'DEBUG'
2025-07-09 13:22:45 INFO  [restartedMain] o.s.d.r.c.RepositoryConfigurationDelegate - Bootstrapping Spring Data JPA repositories in DEFAULT mode.
2025-07-09 13:22:45 INFO  [restartedMain] o.s.d.r.c.RepositoryConfigurationDelegate - Finished Spring Data repository scanning in 158 ms. Found 11 JPA repository interfaces.
2025-07-09 13:22:45 INFO  [restartedMain] o.s.cloud.context.scope.GenericScope - BeanFactory id=d0a8805a-465d-3d57-8ca4-b4c865ed16d2
2025-07-09 13:22:46 INFO  [restartedMain] o.s.b.w.e.tomcat.TomcatWebServer - Tomcat initialized with port(s): 8080 (http)
2025-07-09 13:22:46 INFO  [restartedMain] o.a.catalina.core.StandardService - Starting service [Tomcat]
2025-07-09 13:22:46 INFO  [restartedMain] o.a.catalina.core.StandardEngine - Starting Servlet engine: [Apache Tomcat/10.1.18]
2025-07-09 13:22:46 INFO  [restartedMain] o.a.c.c.C.[Tomcat].[localhost].[/] - Initializing Spring embedded WebApplicationContext
2025-07-09 13:22:46 INFO  [restartedMain] o.s.b.w.s.c.ServletWebServerApplicationContext - Root WebApplicationContext: initialization completed in 2747 ms
2025-07-09 13:22:46 INFO  [restartedMain] com.zaxxer.hikari.HikariDataSource - HikariPool-1 - Starting...
2025-07-09 13:22:47 INFO  [restartedMain] com.zaxxer.hikari.pool.HikariPool - HikariPool-1 - Added connection com.mysql.cj.jdbc.ConnectionImpl@253b666a
2025-07-09 13:22:47 INFO  [restartedMain] com.zaxxer.hikari.HikariDataSource - HikariPool-1 - Start completed.
2025-07-09 13:22:47 INFO  [restartedMain] o.s.b.a.h.H2ConsoleAutoConfiguration - H2 console available at '/h2-console'. Database available at 'jdbc:mysql://127.0.0.1:3306/Evidence_Service'
2025-07-09 13:22:47 DEBUG [restartedMain] c.E.security.ApiKeyAuthFilter - Filter 'apiKeyAuthFilter' configured for use
2025-07-09 13:22:47 DEBUG [restartedMain] c.E.config.JwtTokenVerifier - Filter 'jwtTokenVerifierSecurity' configured for use
2025-07-09 13:22:47 INFO  [restartedMain] o.h.jpa.internal.util.LogHelper - HHH000204: Processing PersistenceUnitInfo [name: default]
2025-07-09 13:22:47 INFO  [restartedMain] org.hibernate.Version - HHH000412: Hibernate ORM core version 6.2.20.Final
2025-07-09 13:22:47 INFO  [restartedMain] org.hibernate.cfg.Environment - HHH000406: Using bytecode reflection optimizer
2025-07-09 13:22:48 INFO  [restartedMain] o.s.o.j.p.SpringPersistenceUnitInfo - No LoadTimeWeaver setup: ignoring JPA class transformer
2025-07-09 13:22:48 WARN  [restartedMain] org.hibernate.orm.deprecation - HHH90000025: MySQLDialect does not need to be specified explicitly using 'hibernate.dialect' (remove the property setting and it will be selected by default)
2025-07-09 13:22:49 INFO  [restartedMain] o.h.e.t.j.p.i.JtaPlatformInitiator - HHH000489: No JTA platform available (set 'hibernate.transaction.jta.platform' to enable JTA platform integration)
2025-07-09 13:22:49 INFO  [restartedMain] o.s.o.j.LocalContainerEntityManagerFactoryBean - Initialized JPA EntityManagerFactory for persistence unit 'default'
2025-07-09 13:22:49 INFO  [restartedMain] o.s.d.j.r.query.QueryEnhancerFactory - Hibernate is in classpath; If applicable, HQL parser will be used.
2025-07-09 13:22:50 WARN  [restartedMain] o.s.b.a.o.j.JpaBaseConfiguration$JpaWebConfiguration - spring.jpa.open-in-view is enabled by default. Therefore, database queries may be performed during view rendering. Explicitly configure spring.jpa.open-in-view to disable this warning
2025-07-09 13:22:50 INFO  [restartedMain] o.s.b.d.a.OptionalLiveReloadServer - LiveReload server is running on port 35729
2025-07-09 13:22:50 WARN  [restartedMain] o.s.b.w.s.c.AnnotationConfigServletWebServerApplicationContext - Exception encountered during context initialization - cancelling refresh attempt: org.springframework.beans.factory.UnsatisfiedDependencyException: Error creating bean with name 'evidenceAssignmentController' defined in file [D:\Day15\backend\evidence-service\target\classes\com\Evidence_Service\controller\EvidenceAssignmentController.class]: Unsatisfied dependency expressed through constructor parameter 0: Error creating bean with name 'evidenceServiceImpl' defined in file [D:\Day15\backend\evidence-service\target\classes\com\Evidence_Service\service\impl\EvidenceServiceImpl.class]: Unsatisfied dependency expressed through constructor parameter 11: Error creating bean with name 'financialInvestResultServiceImpl' defined in file [D:\Day15\backend\evidence-service\target\classes\com\Evidence_Service\service\impl\FinancialInvestResultServiceImpl.class]: Unsatisfied dependency expressed through constructor parameter 0: Error creating bean with name 'evidenceServiceImpl': Requested bean is currently in creation: Is there an unresolvable circular reference?
2025-07-09 13:22:50 INFO  [restartedMain] o.s.o.j.LocalContainerEntityManagerFactoryBean - Closing JPA EntityManagerFactory for persistence unit 'default'
2025-07-09 13:22:50 INFO  [restartedMain] com.zaxxer.hikari.HikariDataSource - HikariPool-1 - Shutdown initiated...
2025-07-09 13:22:50 INFO  [restartedMain] com.zaxxer.hikari.HikariDataSource - HikariPool-1 - Shutdown completed.
2025-07-09 13:22:50 INFO  [restartedMain] o.a.catalina.core.StandardService - Stopping service [Tomcat]
2025-07-09 13:22:50 INFO  [restartedMain] o.s.b.a.l.ConditionEvaluationReportLogger - 

Error starting ApplicationContext. To display the condition evaluation report re-run your application with 'debug' enabled.
2025-07-09 13:22:50 ERROR [restartedMain] o.s.b.d.LoggingFailureAnalysisReporter - 

***************************
APPLICATION FAILED TO START
***************************

Description:

The dependencies of some of the beans in the application context form a cycle:

   evidenceAssignmentController defined in file [D:\Day15\backend\evidence-service\target\classes\com\Evidence_Service\controller\EvidenceAssignmentController.class]
┌─────┐
|  evidenceServiceImpl defined in file [D:\Day15\backend\evidence-service\target\classes\com\Evidence_Service\service\impl\EvidenceServiceImpl.class]
↑     ↓
|  financialInvestResultServiceImpl defined in file [D:\Day15\backend\evidence-service\target\classes\com\Evidence_Service\service\impl\FinancialInvestResultServiceImpl.class]
└─────┘


Action:

Relying upon circular references is discouraged and they are prohibited by default. Update your application to remove the dependency cycle between beans. As a last resort, it may be possible to break the cycle automatically by setting spring.main.allow-circular-references to true.

2025-07-09 13:23:35 INFO  [restartedMain] c.E.EvidenceServiceApplication - Starting EvidenceServiceApplication using Java 22.0.1 with PID 7216 (D:\Day15\backend\evidence-service\target\classes started by PC in D:\Day15)
2025-07-09 13:23:35 DEBUG [restartedMain] c.E.EvidenceServiceApplication - Running with Spring Boot v3.1.8, Spring v6.0.16
2025-07-09 13:23:35 INFO  [restartedMain] c.E.EvidenceServiceApplication - No active profile set, falling back to 1 default profile: "default"
2025-07-09 13:23:35 INFO  [restartedMain] o.s.b.d.e.DevToolsPropertyDefaultsPostProcessor - Devtools property defaults active! Set 'spring.devtools.add-properties' to 'false' to disable
2025-07-09 13:23:35 INFO  [restartedMain] o.s.b.d.e.DevToolsPropertyDefaultsPostProcessor - For additional web related logging consider setting the 'logging.level.web' property to 'DEBUG'
2025-07-09 13:23:36 INFO  [restartedMain] o.s.d.r.c.RepositoryConfigurationDelegate - Bootstrapping Spring Data JPA repositories in DEFAULT mode.
2025-07-09 13:23:36 INFO  [restartedMain] o.s.d.r.c.RepositoryConfigurationDelegate - Finished Spring Data repository scanning in 163 ms. Found 11 JPA repository interfaces.
2025-07-09 13:23:37 INFO  [restartedMain] o.s.cloud.context.scope.GenericScope - BeanFactory id=d0a8805a-465d-3d57-8ca4-b4c865ed16d2
2025-07-09 13:23:38 INFO  [restartedMain] o.s.b.w.e.tomcat.TomcatWebServer - Tomcat initialized with port(s): 8080 (http)
2025-07-09 13:23:38 INFO  [restartedMain] o.a.catalina.core.StandardService - Starting service [Tomcat]
2025-07-09 13:23:38 INFO  [restartedMain] o.a.catalina.core.StandardEngine - Starting Servlet engine: [Apache Tomcat/10.1.18]
2025-07-09 13:23:38 INFO  [restartedMain] o.a.c.c.C.[Tomcat].[localhost].[/] - Initializing Spring embedded WebApplicationContext
2025-07-09 13:23:38 INFO  [restartedMain] o.s.b.w.s.c.ServletWebServerApplicationContext - Root WebApplicationContext: initialization completed in 2940 ms
2025-07-09 13:23:38 INFO  [restartedMain] com.zaxxer.hikari.HikariDataSource - HikariPool-1 - Starting...
2025-07-09 13:23:38 INFO  [restartedMain] com.zaxxer.hikari.pool.HikariPool - HikariPool-1 - Added connection com.mysql.cj.jdbc.ConnectionImpl@1dbe483a
2025-07-09 13:23:38 INFO  [restartedMain] com.zaxxer.hikari.HikariDataSource - HikariPool-1 - Start completed.
2025-07-09 13:23:38 INFO  [restartedMain] o.s.b.a.h.H2ConsoleAutoConfiguration - H2 console available at '/h2-console'. Database available at 'jdbc:mysql://127.0.0.1:3306/Evidence_Service'
2025-07-09 13:23:38 DEBUG [restartedMain] c.E.security.ApiKeyAuthFilter - Filter 'apiKeyAuthFilter' configured for use
2025-07-09 13:23:38 DEBUG [restartedMain] c.E.config.JwtTokenVerifier - Filter 'jwtTokenVerifierSecurity' configured for use
2025-07-09 13:23:39 INFO  [restartedMain] o.h.jpa.internal.util.LogHelper - HHH000204: Processing PersistenceUnitInfo [name: default]
2025-07-09 13:23:39 INFO  [restartedMain] org.hibernate.Version - HHH000412: Hibernate ORM core version 6.2.20.Final
2025-07-09 13:23:39 INFO  [restartedMain] org.hibernate.cfg.Environment - HHH000406: Using bytecode reflection optimizer
2025-07-09 13:23:39 INFO  [restartedMain] o.s.o.j.p.SpringPersistenceUnitInfo - No LoadTimeWeaver setup: ignoring JPA class transformer
2025-07-09 13:23:39 WARN  [restartedMain] org.hibernate.orm.deprecation - HHH90000025: MySQLDialect does not need to be specified explicitly using 'hibernate.dialect' (remove the property setting and it will be selected by default)
2025-07-09 13:23:40 INFO  [restartedMain] o.h.e.t.j.p.i.JtaPlatformInitiator - HHH000489: No JTA platform available (set 'hibernate.transaction.jta.platform' to enable JTA platform integration)
2025-07-09 13:23:40 INFO  [restartedMain] o.s.o.j.LocalContainerEntityManagerFactoryBean - Initialized JPA EntityManagerFactory for persistence unit 'default'
2025-07-09 13:23:41 INFO  [restartedMain] o.s.d.j.r.query.QueryEnhancerFactory - Hibernate is in classpath; If applicable, HQL parser will be used.
2025-07-09 13:23:41 WARN  [restartedMain] o.s.b.a.o.j.JpaBaseConfiguration$JpaWebConfiguration - spring.jpa.open-in-view is enabled by default. Therefore, database queries may be performed during view rendering. Explicitly configure spring.jpa.open-in-view to disable this warning
2025-07-09 13:23:41 INFO  [restartedMain] o.s.b.d.a.OptionalLiveReloadServer - LiveReload server is running on port 35729
2025-07-09 13:23:42 WARN  [restartedMain] o.s.b.w.s.c.AnnotationConfigServletWebServerApplicationContext - Exception encountered during context initialization - cancelling refresh attempt: org.springframework.beans.factory.UnsatisfiedDependencyException: Error creating bean with name 'evidenceAssignmentController' defined in file [D:\Day15\backend\evidence-service\target\classes\com\Evidence_Service\controller\EvidenceAssignmentController.class]: Unsatisfied dependency expressed through constructor parameter 0: Error creating bean with name 'evidenceServiceImpl' defined in file [D:\Day15\backend\evidence-service\target\classes\com\Evidence_Service\service\impl\EvidenceServiceImpl.class]: Unsatisfied dependency expressed through constructor parameter 11: Error creating bean with name 'financialInvestResultServiceImpl' defined in file [D:\Day15\backend\evidence-service\target\classes\com\Evidence_Service\service\impl\FinancialInvestResultServiceImpl.class]: Unsatisfied dependency expressed through constructor parameter 0: Error creating bean with name 'evidenceServiceImpl': Requested bean is currently in creation: Is there an unresolvable circular reference?
2025-07-09 13:23:42 INFO  [restartedMain] o.s.o.j.LocalContainerEntityManagerFactoryBean - Closing JPA EntityManagerFactory for persistence unit 'default'
2025-07-09 13:23:42 INFO  [restartedMain] com.zaxxer.hikari.HikariDataSource - HikariPool-1 - Shutdown initiated...
2025-07-09 13:23:42 INFO  [restartedMain] com.zaxxer.hikari.HikariDataSource - HikariPool-1 - Shutdown completed.
2025-07-09 13:23:42 INFO  [restartedMain] o.a.catalina.core.StandardService - Stopping service [Tomcat]
2025-07-09 13:23:42 INFO  [restartedMain] o.s.b.a.l.ConditionEvaluationReportLogger - 

Error starting ApplicationContext. To display the condition evaluation report re-run your application with 'debug' enabled.
2025-07-09 13:23:42 ERROR [restartedMain] o.s.b.d.LoggingFailureAnalysisReporter - 

***************************
APPLICATION FAILED TO START
***************************

Description:

The dependencies of some of the beans in the application context form a cycle:

   evidenceAssignmentController defined in file [D:\Day15\backend\evidence-service\target\classes\com\Evidence_Service\controller\EvidenceAssignmentController.class]
┌─────┐
|  evidenceServiceImpl defined in file [D:\Day15\backend\evidence-service\target\classes\com\Evidence_Service\service\impl\EvidenceServiceImpl.class]
↑     ↓
|  financialInvestResultServiceImpl defined in file [D:\Day15\backend\evidence-service\target\classes\com\Evidence_Service\service\impl\FinancialInvestResultServiceImpl.class]
└─────┘


Action:

Relying upon circular references is discouraged and they are prohibited by default. Update your application to remove the dependency cycle between beans. As a last resort, it may be possible to break the cycle automatically by setting spring.main.allow-circular-references to true.

2025-07-09 13:24:53 INFO  [restartedMain] c.E.EvidenceServiceApplication - Starting EvidenceServiceApplication using Java 22.0.1 with PID 13292 (D:\Day15\backend\evidence-service\target\classes started by PC in D:\Day15)
2025-07-09 13:24:53 DEBUG [restartedMain] c.E.EvidenceServiceApplication - Running with Spring Boot v3.1.8, Spring v6.0.16
2025-07-09 13:24:53 INFO  [restartedMain] c.E.EvidenceServiceApplication - No active profile set, falling back to 1 default profile: "default"
2025-07-09 13:24:53 INFO  [restartedMain] o.s.b.d.e.DevToolsPropertyDefaultsPostProcessor - Devtools property defaults active! Set 'spring.devtools.add-properties' to 'false' to disable
2025-07-09 13:24:53 INFO  [restartedMain] o.s.b.d.e.DevToolsPropertyDefaultsPostProcessor - For additional web related logging consider setting the 'logging.level.web' property to 'DEBUG'
2025-07-09 13:24:54 INFO  [restartedMain] o.s.d.r.c.RepositoryConfigurationDelegate - Bootstrapping Spring Data JPA repositories in DEFAULT mode.
2025-07-09 13:24:54 INFO  [restartedMain] o.s.d.r.c.RepositoryConfigurationDelegate - Finished Spring Data repository scanning in 176 ms. Found 11 JPA repository interfaces.
2025-07-09 13:24:55 INFO  [restartedMain] o.s.cloud.context.scope.GenericScope - BeanFactory id=d0a8805a-465d-3d57-8ca4-b4c865ed16d2
2025-07-09 13:24:56 INFO  [restartedMain] o.s.b.w.e.tomcat.TomcatWebServer - Tomcat initialized with port(s): 8080 (http)
2025-07-09 13:24:56 INFO  [restartedMain] o.a.catalina.core.StandardService - Starting service [Tomcat]
2025-07-09 13:24:56 INFO  [restartedMain] o.a.catalina.core.StandardEngine - Starting Servlet engine: [Apache Tomcat/10.1.18]
2025-07-09 13:24:56 INFO  [restartedMain] o.a.c.c.C.[Tomcat].[localhost].[/] - Initializing Spring embedded WebApplicationContext
2025-07-09 13:24:56 INFO  [restartedMain] o.s.b.w.s.c.ServletWebServerApplicationContext - Root WebApplicationContext: initialization completed in 3062 ms
2025-07-09 13:24:56 INFO  [restartedMain] com.zaxxer.hikari.HikariDataSource - HikariPool-1 - Starting...
2025-07-09 13:24:56 INFO  [restartedMain] com.zaxxer.hikari.pool.HikariPool - HikariPool-1 - Added connection com.mysql.cj.jdbc.ConnectionImpl@136a2b57
2025-07-09 13:24:56 INFO  [restartedMain] com.zaxxer.hikari.HikariDataSource - HikariPool-1 - Start completed.
2025-07-09 13:24:56 INFO  [restartedMain] o.s.b.a.h.H2ConsoleAutoConfiguration - H2 console available at '/h2-console'. Database available at 'jdbc:mysql://127.0.0.1:3306/Evidence_Service'
2025-07-09 13:24:57 DEBUG [restartedMain] c.E.security.ApiKeyAuthFilter - Filter 'apiKeyAuthFilter' configured for use
2025-07-09 13:24:57 DEBUG [restartedMain] c.E.config.JwtTokenVerifier - Filter 'jwtTokenVerifierSecurity' configured for use
2025-07-09 13:24:57 INFO  [restartedMain] o.h.jpa.internal.util.LogHelper - HHH000204: Processing PersistenceUnitInfo [name: default]
2025-07-09 13:24:57 INFO  [restartedMain] org.hibernate.Version - HHH000412: Hibernate ORM core version 6.2.20.Final
2025-07-09 13:24:57 INFO  [restartedMain] org.hibernate.cfg.Environment - HHH000406: Using bytecode reflection optimizer
2025-07-09 13:24:57 INFO  [restartedMain] o.s.o.j.p.SpringPersistenceUnitInfo - No LoadTimeWeaver setup: ignoring JPA class transformer
2025-07-09 13:24:57 WARN  [restartedMain] org.hibernate.orm.deprecation - HHH90000025: MySQLDialect does not need to be specified explicitly using 'hibernate.dialect' (remove the property setting and it will be selected by default)
2025-07-09 13:24:58 INFO  [restartedMain] o.h.e.t.j.p.i.JtaPlatformInitiator - HHH000489: No JTA platform available (set 'hibernate.transaction.jta.platform' to enable JTA platform integration)
2025-07-09 13:24:58 INFO  [restartedMain] o.s.o.j.LocalContainerEntityManagerFactoryBean - Initialized JPA EntityManagerFactory for persistence unit 'default'
2025-07-09 13:24:59 INFO  [restartedMain] o.s.d.j.r.query.QueryEnhancerFactory - Hibernate is in classpath; If applicable, HQL parser will be used.
2025-07-09 13:25:00 WARN  [restartedMain] o.s.b.a.o.j.JpaBaseConfiguration$JpaWebConfiguration - spring.jpa.open-in-view is enabled by default. Therefore, database queries may be performed during view rendering. Explicitly configure spring.jpa.open-in-view to disable this warning
2025-07-09 13:25:00 INFO  [restartedMain] o.s.b.d.a.OptionalLiveReloadServer - LiveReload server is running on port 35729
2025-07-09 13:25:00 WARN  [restartedMain] o.s.b.w.s.c.AnnotationConfigServletWebServerApplicationContext - Exception encountered during context initialization - cancelling refresh attempt: org.springframework.beans.factory.UnsatisfiedDependencyException: Error creating bean with name 'evidenceAssignmentController' defined in file [D:\Day15\backend\evidence-service\target\classes\com\Evidence_Service\controller\EvidenceAssignmentController.class]: Unsatisfied dependency expressed through constructor parameter 0: Error creating bean with name 'evidenceServiceImpl' defined in file [D:\Day15\backend\evidence-service\target\classes\com\Evidence_Service\service\impl\EvidenceServiceImpl.class]: Unsatisfied dependency expressed through constructor parameter 11: Error creating bean with name 'financialInvestResultServiceImpl' defined in file [D:\Day15\backend\evidence-service\target\classes\com\Evidence_Service\service\impl\FinancialInvestResultServiceImpl.class]: Unsatisfied dependency expressed through constructor parameter 0: Error creating bean with name 'evidenceServiceImpl': Requested bean is currently in creation: Is there an unresolvable circular reference?
2025-07-09 13:25:00 INFO  [restartedMain] o.s.o.j.LocalContainerEntityManagerFactoryBean - Closing JPA EntityManagerFactory for persistence unit 'default'
2025-07-09 13:25:00 INFO  [restartedMain] com.zaxxer.hikari.HikariDataSource - HikariPool-1 - Shutdown initiated...
2025-07-09 13:25:00 INFO  [restartedMain] com.zaxxer.hikari.HikariDataSource - HikariPool-1 - Shutdown completed.
2025-07-09 13:25:00 INFO  [restartedMain] o.a.catalina.core.StandardService - Stopping service [Tomcat]
2025-07-09 13:25:00 INFO  [restartedMain] o.s.b.a.l.ConditionEvaluationReportLogger - 

Error starting ApplicationContext. To display the condition evaluation report re-run your application with 'debug' enabled.
2025-07-09 13:25:00 ERROR [restartedMain] o.s.b.d.LoggingFailureAnalysisReporter - 

***************************
APPLICATION FAILED TO START
***************************

Description:

The dependencies of some of the beans in the application context form a cycle:

   evidenceAssignmentController defined in file [D:\Day15\backend\evidence-service\target\classes\com\Evidence_Service\controller\EvidenceAssignmentController.class]
┌─────┐
|  evidenceServiceImpl defined in file [D:\Day15\backend\evidence-service\target\classes\com\Evidence_Service\service\impl\EvidenceServiceImpl.class]
↑     ↓
|  financialInvestResultServiceImpl defined in file [D:\Day15\backend\evidence-service\target\classes\com\Evidence_Service\service\impl\FinancialInvestResultServiceImpl.class]
└─────┘


Action:

Relying upon circular references is discouraged and they are prohibited by default. Update your application to remove the dependency cycle between beans. As a last resort, it may be possible to break the cycle automatically by setting spring.main.allow-circular-references to true.

2025-07-09 13:25:06 INFO  [restartedMain] c.E.EvidenceServiceApplication - Starting EvidenceServiceApplication using Java 22.0.1 with PID 8936 (D:\Day15\backend\evidence-service\target\classes started by PC in D:\Day15)
2025-07-09 13:25:06 DEBUG [restartedMain] c.E.EvidenceServiceApplication - Running with Spring Boot v3.1.8, Spring v6.0.16
2025-07-09 13:25:06 INFO  [restartedMain] c.E.EvidenceServiceApplication - No active profile set, falling back to 1 default profile: "default"
2025-07-09 13:25:06 INFO  [restartedMain] o.s.b.d.e.DevToolsPropertyDefaultsPostProcessor - Devtools property defaults active! Set 'spring.devtools.add-properties' to 'false' to disable
2025-07-09 13:25:06 INFO  [restartedMain] o.s.b.d.e.DevToolsPropertyDefaultsPostProcessor - For additional web related logging consider setting the 'logging.level.web' property to 'DEBUG'
2025-07-09 13:25:07 INFO  [restartedMain] o.s.d.r.c.RepositoryConfigurationDelegate - Bootstrapping Spring Data JPA repositories in DEFAULT mode.
2025-07-09 13:25:08 INFO  [restartedMain] o.s.d.r.c.RepositoryConfigurationDelegate - Finished Spring Data repository scanning in 177 ms. Found 11 JPA repository interfaces.
2025-07-09 13:25:08 INFO  [restartedMain] o.s.cloud.context.scope.GenericScope - BeanFactory id=d0a8805a-465d-3d57-8ca4-b4c865ed16d2
2025-07-09 13:25:09 INFO  [restartedMain] o.s.b.w.e.tomcat.TomcatWebServer - Tomcat initialized with port(s): 8080 (http)
2025-07-09 13:25:09 INFO  [restartedMain] o.a.catalina.core.StandardService - Starting service [Tomcat]
2025-07-09 13:25:09 INFO  [restartedMain] o.a.catalina.core.StandardEngine - Starting Servlet engine: [Apache Tomcat/10.1.18]
2025-07-09 13:25:09 INFO  [restartedMain] o.a.c.c.C.[Tomcat].[localhost].[/] - Initializing Spring embedded WebApplicationContext
2025-07-09 13:25:09 INFO  [restartedMain] o.s.b.w.s.c.ServletWebServerApplicationContext - Root WebApplicationContext: initialization completed in 2932 ms
2025-07-09 13:25:09 INFO  [restartedMain] com.zaxxer.hikari.HikariDataSource - HikariPool-1 - Starting...
2025-07-09 13:25:10 INFO  [restartedMain] com.zaxxer.hikari.pool.HikariPool - HikariPool-1 - Added connection com.mysql.cj.jdbc.ConnectionImpl@413f8b2b
2025-07-09 13:25:10 INFO  [restartedMain] com.zaxxer.hikari.HikariDataSource - HikariPool-1 - Start completed.
2025-07-09 13:25:10 INFO  [restartedMain] o.s.b.a.h.H2ConsoleAutoConfiguration - H2 console available at '/h2-console'. Database available at 'jdbc:mysql://127.0.0.1:3306/Evidence_Service'
2025-07-09 13:25:10 DEBUG [restartedMain] c.E.security.ApiKeyAuthFilter - Filter 'apiKeyAuthFilter' configured for use
2025-07-09 13:25:10 DEBUG [restartedMain] c.E.config.JwtTokenVerifier - Filter 'jwtTokenVerifierSecurity' configured for use
2025-07-09 13:25:10 INFO  [restartedMain] o.h.jpa.internal.util.LogHelper - HHH000204: Processing PersistenceUnitInfo [name: default]
2025-07-09 13:25:10 INFO  [restartedMain] org.hibernate.Version - HHH000412: Hibernate ORM core version 6.2.20.Final
2025-07-09 13:25:10 INFO  [restartedMain] org.hibernate.cfg.Environment - HHH000406: Using bytecode reflection optimizer
2025-07-09 13:25:10 INFO  [restartedMain] o.s.o.j.p.SpringPersistenceUnitInfo - No LoadTimeWeaver setup: ignoring JPA class transformer
2025-07-09 13:25:10 WARN  [restartedMain] org.hibernate.orm.deprecation - HHH90000025: MySQLDialect does not need to be specified explicitly using 'hibernate.dialect' (remove the property setting and it will be selected by default)
2025-07-09 13:25:11 INFO  [restartedMain] o.h.e.t.j.p.i.JtaPlatformInitiator - HHH000489: No JTA platform available (set 'hibernate.transaction.jta.platform' to enable JTA platform integration)
2025-07-09 13:25:11 INFO  [restartedMain] o.s.o.j.LocalContainerEntityManagerFactoryBean - Initialized JPA EntityManagerFactory for persistence unit 'default'
2025-07-09 13:25:12 INFO  [restartedMain] o.s.d.j.r.query.QueryEnhancerFactory - Hibernate is in classpath; If applicable, HQL parser will be used.
2025-07-09 13:25:13 WARN  [restartedMain] o.s.b.a.o.j.JpaBaseConfiguration$JpaWebConfiguration - spring.jpa.open-in-view is enabled by default. Therefore, database queries may be performed during view rendering. Explicitly configure spring.jpa.open-in-view to disable this warning
2025-07-09 13:25:13 INFO  [restartedMain] o.s.b.d.a.OptionalLiveReloadServer - LiveReload server is running on port 35729
2025-07-09 13:25:13 WARN  [restartedMain] o.s.b.w.s.c.AnnotationConfigServletWebServerApplicationContext - Exception encountered during context initialization - cancelling refresh attempt: org.springframework.beans.factory.UnsatisfiedDependencyException: Error creating bean with name 'evidenceAssignmentController' defined in file [D:\Day15\backend\evidence-service\target\classes\com\Evidence_Service\controller\EvidenceAssignmentController.class]: Unsatisfied dependency expressed through constructor parameter 0: Error creating bean with name 'evidenceServiceImpl' defined in file [D:\Day15\backend\evidence-service\target\classes\com\Evidence_Service\service\impl\EvidenceServiceImpl.class]: Unsatisfied dependency expressed through constructor parameter 12: Error creating bean with name 'physicalInvestResultServiceImpl' defined in file [D:\Day15\backend\evidence-service\target\classes\com\Evidence_Service\service\impl\PhysicalInvestResultServiceImpl.class]: Unsatisfied dependency expressed through constructor parameter 0: Error creating bean with name 'evidenceServiceImpl': Requested bean is currently in creation: Is there an unresolvable circular reference?
2025-07-09 13:25:13 INFO  [restartedMain] o.s.o.j.LocalContainerEntityManagerFactoryBean - Closing JPA EntityManagerFactory for persistence unit 'default'
2025-07-09 13:25:13 INFO  [restartedMain] com.zaxxer.hikari.HikariDataSource - HikariPool-1 - Shutdown initiated...
2025-07-09 13:25:13 INFO  [restartedMain] com.zaxxer.hikari.HikariDataSource - HikariPool-1 - Shutdown completed.
2025-07-09 13:25:13 INFO  [restartedMain] o.a.catalina.core.StandardService - Stopping service [Tomcat]
2025-07-09 13:25:13 INFO  [restartedMain] o.s.b.a.l.ConditionEvaluationReportLogger - 

Error starting ApplicationContext. To display the condition evaluation report re-run your application with 'debug' enabled.
2025-07-09 13:25:13 ERROR [restartedMain] o.s.b.d.LoggingFailureAnalysisReporter - 

***************************
APPLICATION FAILED TO START
***************************

Description:

The dependencies of some of the beans in the application context form a cycle:

   evidenceAssignmentController defined in file [D:\Day15\backend\evidence-service\target\classes\com\Evidence_Service\controller\EvidenceAssignmentController.class]
┌─────┐
|  evidenceServiceImpl defined in file [D:\Day15\backend\evidence-service\target\classes\com\Evidence_Service\service\impl\EvidenceServiceImpl.class]
↑     ↓
|  physicalInvestResultServiceImpl defined in file [D:\Day15\backend\evidence-service\target\classes\com\Evidence_Service\service\impl\PhysicalInvestResultServiceImpl.class]
└─────┘


Action:

Relying upon circular references is discouraged and they are prohibited by default. Update your application to remove the dependency cycle between beans. As a last resort, it may be possible to break the cycle automatically by setting spring.main.allow-circular-references to true.

2025-07-09 13:25:24 INFO  [restartedMain] c.E.EvidenceServiceApplication - Starting EvidenceServiceApplication using Java 22.0.1 with PID 12464 (D:\Day15\backend\evidence-service\target\classes started by PC in D:\Day15)
2025-07-09 13:25:24 DEBUG [restartedMain] c.E.EvidenceServiceApplication - Running with Spring Boot v3.1.8, Spring v6.0.16
2025-07-09 13:25:24 INFO  [restartedMain] c.E.EvidenceServiceApplication - No active profile set, falling back to 1 default profile: "default"
2025-07-09 13:25:24 INFO  [restartedMain] o.s.b.d.e.DevToolsPropertyDefaultsPostProcessor - Devtools property defaults active! Set 'spring.devtools.add-properties' to 'false' to disable
2025-07-09 13:25:24 INFO  [restartedMain] o.s.b.d.e.DevToolsPropertyDefaultsPostProcessor - For additional web related logging consider setting the 'logging.level.web' property to 'DEBUG'
2025-07-09 13:25:25 INFO  [restartedMain] o.s.d.r.c.RepositoryConfigurationDelegate - Bootstrapping Spring Data JPA repositories in DEFAULT mode.
2025-07-09 13:25:25 INFO  [restartedMain] o.s.d.r.c.RepositoryConfigurationDelegate - Finished Spring Data repository scanning in 182 ms. Found 11 JPA repository interfaces.
2025-07-09 13:25:26 INFO  [restartedMain] o.s.cloud.context.scope.GenericScope - BeanFactory id=d0a8805a-465d-3d57-8ca4-b4c865ed16d2
2025-07-09 13:25:27 INFO  [restartedMain] o.s.b.w.e.tomcat.TomcatWebServer - Tomcat initialized with port(s): 8080 (http)
2025-07-09 13:25:27 INFO  [restartedMain] o.a.catalina.core.StandardService - Starting service [Tomcat]
2025-07-09 13:25:27 INFO  [restartedMain] o.a.catalina.core.StandardEngine - Starting Servlet engine: [Apache Tomcat/10.1.18]
2025-07-09 13:25:27 INFO  [restartedMain] o.a.c.c.C.[Tomcat].[localhost].[/] - Initializing Spring embedded WebApplicationContext
2025-07-09 13:25:27 INFO  [restartedMain] o.s.b.w.s.c.ServletWebServerApplicationContext - Root WebApplicationContext: initialization completed in 2931 ms
2025-07-09 13:25:27 INFO  [restartedMain] com.zaxxer.hikari.HikariDataSource - HikariPool-1 - Starting...
2025-07-09 13:25:27 INFO  [restartedMain] com.zaxxer.hikari.pool.HikariPool - HikariPool-1 - Added connection com.mysql.cj.jdbc.ConnectionImpl@4e686536
2025-07-09 13:25:27 INFO  [restartedMain] com.zaxxer.hikari.HikariDataSource - HikariPool-1 - Start completed.
2025-07-09 13:25:27 INFO  [restartedMain] o.s.b.a.h.H2ConsoleAutoConfiguration - H2 console available at '/h2-console'. Database available at 'jdbc:mysql://127.0.0.1:3306/Evidence_Service'
2025-07-09 13:25:27 DEBUG [restartedMain] c.E.security.ApiKeyAuthFilter - Filter 'apiKeyAuthFilter' configured for use
2025-07-09 13:25:27 DEBUG [restartedMain] c.E.config.JwtTokenVerifier - Filter 'jwtTokenVerifierSecurity' configured for use
2025-07-09 13:25:28 INFO  [restartedMain] o.h.jpa.internal.util.LogHelper - HHH000204: Processing PersistenceUnitInfo [name: default]
2025-07-09 13:25:28 INFO  [restartedMain] org.hibernate.Version - HHH000412: Hibernate ORM core version 6.2.20.Final
2025-07-09 13:25:28 INFO  [restartedMain] org.hibernate.cfg.Environment - HHH000406: Using bytecode reflection optimizer
2025-07-09 13:25:28 INFO  [restartedMain] o.s.o.j.p.SpringPersistenceUnitInfo - No LoadTimeWeaver setup: ignoring JPA class transformer
2025-07-09 13:25:28 WARN  [restartedMain] org.hibernate.orm.deprecation - HHH90000025: MySQLDialect does not need to be specified explicitly using 'hibernate.dialect' (remove the property setting and it will be selected by default)
2025-07-09 13:25:29 INFO  [restartedMain] o.h.e.t.j.p.i.JtaPlatformInitiator - HHH000489: No JTA platform available (set 'hibernate.transaction.jta.platform' to enable JTA platform integration)
2025-07-09 13:25:29 INFO  [restartedMain] o.s.o.j.LocalContainerEntityManagerFactoryBean - Initialized JPA EntityManagerFactory for persistence unit 'default'
2025-07-09 13:25:30 INFO  [restartedMain] o.s.d.j.r.query.QueryEnhancerFactory - Hibernate is in classpath; If applicable, HQL parser will be used.
2025-07-09 13:25:31 WARN  [restartedMain] o.s.b.a.o.j.JpaBaseConfiguration$JpaWebConfiguration - spring.jpa.open-in-view is enabled by default. Therefore, database queries may be performed during view rendering. Explicitly configure spring.jpa.open-in-view to disable this warning
2025-07-09 13:25:31 INFO  [restartedMain] o.s.b.d.a.OptionalLiveReloadServer - LiveReload server is running on port 35729
2025-07-09 13:25:31 WARN  [restartedMain] o.s.b.w.s.c.AnnotationConfigServletWebServerApplicationContext - Exception encountered during context initialization - cancelling refresh attempt: org.springframework.beans.factory.BeanCreationException: Error creating bean with name 'evidenceKafkaConsumer' defined in file [D:\Day15\backend\evidence-service\target\classes\com\Evidence_Service\kafka\consumer\EvidenceKafkaConsumer.class]: Could not register Kafka listener endpoint on [investigationAssignedKafkaListenerFactory] for bean evidenceKafkaConsumer, no 'KafkaListenerContainerFactory' with id 'investigationAssignedKafkaListenerFactory' was found in the application context
2025-07-09 13:25:31 INFO  [restartedMain] o.s.o.j.LocalContainerEntityManagerFactoryBean - Closing JPA EntityManagerFactory for persistence unit 'default'
2025-07-09 13:25:31 INFO  [restartedMain] com.zaxxer.hikari.HikariDataSource - HikariPool-1 - Shutdown initiated...
2025-07-09 13:25:31 INFO  [restartedMain] com.zaxxer.hikari.HikariDataSource - HikariPool-1 - Shutdown completed.
2025-07-09 13:25:31 INFO  [restartedMain] o.a.catalina.core.StandardService - Stopping service [Tomcat]
2025-07-09 13:25:31 INFO  [restartedMain] o.s.b.a.l.ConditionEvaluationReportLogger - 

Error starting ApplicationContext. To display the condition evaluation report re-run your application with 'debug' enabled.
2025-07-09 13:25:31 ERROR [restartedMain] o.s.b.d.LoggingFailureAnalysisReporter - 

***************************
APPLICATION FAILED TO START
***************************

Description:

A component required a bean named 'investigationAssignedKafkaListenerFactory' that could not be found.


Action:

Consider defining a bean named 'investigationAssignedKafkaListenerFactory' in your configuration.

2025-07-09 13:26:31 INFO  [restartedMain] c.E.EvidenceServiceApplication - Starting EvidenceServiceApplication using Java 22.0.1 with PID 4964 (D:\Day15\backend\evidence-service\target\classes started by PC in D:\Day15)
2025-07-09 13:26:31 DEBUG [restartedMain] c.E.EvidenceServiceApplication - Running with Spring Boot v3.1.8, Spring v6.0.16
2025-07-09 13:26:31 INFO  [restartedMain] c.E.EvidenceServiceApplication - No active profile set, falling back to 1 default profile: "default"
2025-07-09 13:26:31 INFO  [restartedMain] o.s.b.d.e.DevToolsPropertyDefaultsPostProcessor - Devtools property defaults active! Set 'spring.devtools.add-properties' to 'false' to disable
2025-07-09 13:26:31 INFO  [restartedMain] o.s.b.d.e.DevToolsPropertyDefaultsPostProcessor - For additional web related logging consider setting the 'logging.level.web' property to 'DEBUG'
2025-07-09 13:26:32 INFO  [restartedMain] o.s.d.r.c.RepositoryConfigurationDelegate - Bootstrapping Spring Data JPA repositories in DEFAULT mode.
2025-07-09 13:26:32 INFO  [restartedMain] o.s.d.r.c.RepositoryConfigurationDelegate - Finished Spring Data repository scanning in 166 ms. Found 11 JPA repository interfaces.
2025-07-09 13:26:32 INFO  [restartedMain] o.s.cloud.context.scope.GenericScope - BeanFactory id=9055a44b-4eb0-3d4f-aede-3314b0f723a6
2025-07-09 13:26:34 INFO  [restartedMain] o.s.b.w.e.tomcat.TomcatWebServer - Tomcat initialized with port(s): 8080 (http)
2025-07-09 13:26:34 INFO  [restartedMain] o.a.catalina.core.StandardService - Starting service [Tomcat]
2025-07-09 13:26:34 INFO  [restartedMain] o.a.catalina.core.StandardEngine - Starting Servlet engine: [Apache Tomcat/10.1.18]
2025-07-09 13:26:34 INFO  [restartedMain] o.a.c.c.C.[Tomcat].[localhost].[/] - Initializing Spring embedded WebApplicationContext
2025-07-09 13:26:34 INFO  [restartedMain] o.s.b.w.s.c.ServletWebServerApplicationContext - Root WebApplicationContext: initialization completed in 2891 ms
2025-07-09 13:26:34 INFO  [restartedMain] com.zaxxer.hikari.HikariDataSource - HikariPool-1 - Starting...
2025-07-09 13:26:34 INFO  [restartedMain] com.zaxxer.hikari.pool.HikariPool - HikariPool-1 - Added connection com.mysql.cj.jdbc.ConnectionImpl@82179da
2025-07-09 13:26:34 INFO  [restartedMain] com.zaxxer.hikari.HikariDataSource - HikariPool-1 - Start completed.
2025-07-09 13:26:34 INFO  [restartedMain] o.s.b.a.h.H2ConsoleAutoConfiguration - H2 console available at '/h2-console'. Database available at 'jdbc:mysql://127.0.0.1:3306/Evidence_Service'
2025-07-09 13:26:34 DEBUG [restartedMain] c.E.security.ApiKeyAuthFilter - Filter 'apiKeyAuthFilter' configured for use
2025-07-09 13:26:34 DEBUG [restartedMain] c.E.config.JwtTokenVerifier - Filter 'jwtTokenVerifierSecurity' configured for use
2025-07-09 13:26:35 INFO  [restartedMain] o.h.jpa.internal.util.LogHelper - HHH000204: Processing PersistenceUnitInfo [name: default]
2025-07-09 13:26:35 INFO  [restartedMain] org.hibernate.Version - HHH000412: Hibernate ORM core version 6.2.20.Final
2025-07-09 13:26:35 INFO  [restartedMain] org.hibernate.cfg.Environment - HHH000406: Using bytecode reflection optimizer
2025-07-09 13:26:35 INFO  [restartedMain] o.s.o.j.p.SpringPersistenceUnitInfo - No LoadTimeWeaver setup: ignoring JPA class transformer
2025-07-09 13:26:35 WARN  [restartedMain] org.hibernate.orm.deprecation - HHH90000025: MySQLDialect does not need to be specified explicitly using 'hibernate.dialect' (remove the property setting and it will be selected by default)
2025-07-09 13:26:36 INFO  [restartedMain] o.h.e.t.j.p.i.JtaPlatformInitiator - HHH000489: No JTA platform available (set 'hibernate.transaction.jta.platform' to enable JTA platform integration)
2025-07-09 13:26:36 INFO  [restartedMain] o.s.o.j.LocalContainerEntityManagerFactoryBean - Initialized JPA EntityManagerFactory for persistence unit 'default'
2025-07-09 13:26:36 INFO  [restartedMain] o.s.d.j.r.query.QueryEnhancerFactory - Hibernate is in classpath; If applicable, HQL parser will be used.
2025-07-09 13:26:37 WARN  [restartedMain] o.s.b.a.o.j.JpaBaseConfiguration$JpaWebConfiguration - spring.jpa.open-in-view is enabled by default. Therefore, database queries may be performed during view rendering. Explicitly configure spring.jpa.open-in-view to disable this warning
2025-07-09 13:26:38 INFO  [restartedMain] o.s.b.d.a.OptionalLiveReloadServer - LiveReload server is running on port 35729
2025-07-09 13:26:38 WARN  [restartedMain] o.s.b.a.s.s.UserDetailsServiceAutoConfiguration - 

Using generated security password: b85507e2-4a4d-4d08-8ea2-e32ae730faf6

This generated password is for development use only. Your security configuration must be updated before running your application in production.

2025-07-09 13:26:39 INFO  [restartedMain] o.s.s.web.DefaultSecurityFilterChain - Will secure any request with [org.springframework.security.web.session.DisableEncodeUrlFilter@1b2d08ba, org.springframework.security.web.context.request.async.WebAsyncManagerIntegrationFilter@3b4d0273, org.springframework.security.web.context.SecurityContextHolderFilter@23979aa4, org.springframework.security.web.header.HeaderWriterFilter@76d23268, org.springframework.security.web.authentication.logout.LogoutFilter@60a4ab41, com.Evidence_Service.config.JwtTokenVerifier@3754d845, com.Evidence_Service.security.ApiKeyAuthFilter@105bd8dd, org.springframework.security.web.savedrequest.RequestCacheAwareFilter@d46e769, org.springframework.security.web.servletapi.SecurityContextHolderAwareRequestFilter@1c411bbc, org.springframework.security.web.authentication.AnonymousAuthenticationFilter@31a586c8, org.springframework.security.web.session.SessionManagementFilter@4939a117, org.springframework.security.web.access.ExceptionTranslationFilter@e56b370, org.springframework.security.web.access.intercept.AuthorizationFilter@7b4b7175]
2025-07-09 13:26:39 WARN  [restartedMain] o.s.b.w.s.c.AnnotationConfigServletWebServerApplicationContext - Exception encountered during context initialization - cancelling refresh attempt: org.springframework.beans.factory.BeanCreationException: Error creating bean with name 'compositeCompatibilityVerifier' defined in class path resource [org/springframework/cloud/configuration/CompatibilityVerifierAutoConfiguration.class]: Failed to instantiate [org.springframework.cloud.configuration.CompositeCompatibilityVerifier]: Factory method 'compositeCompatibilityVerifier' threw exception with message: Spring Cloud/ Spring Boot version compatibility checks have failed: [[VerificationResult@e3f81a8 description = 'Spring Boot [3.1.8] is not compatible with this Spring Cloud release train', action = 'Change Spring Boot version to one of the following versions [3.2.x, 3.3.x] .
You can find the latest Spring Boot versions here [https://spring.io/projects/spring-boot#learn]. 
If you want to learn more about the Spring Cloud Release train compatibility, you can visit this page [https://spring.io/projects/spring-cloud#overview] and check the [Release Trains] section.
If you want to disable this check, just set the property [spring.cloud.compatibility-verifier.enabled=false]']]
2025-07-09 13:26:39 INFO  [restartedMain] o.s.o.j.LocalContainerEntityManagerFactoryBean - Closing JPA EntityManagerFactory for persistence unit 'default'
2025-07-09 13:26:39 INFO  [restartedMain] com.zaxxer.hikari.HikariDataSource - HikariPool-1 - Shutdown initiated...
2025-07-09 13:26:39 INFO  [restartedMain] com.zaxxer.hikari.HikariDataSource - HikariPool-1 - Shutdown completed.
2025-07-09 13:26:39 INFO  [restartedMain] o.a.catalina.core.StandardService - Stopping service [Tomcat]
2025-07-09 13:26:39 INFO  [restartedMain] o.s.b.a.l.ConditionEvaluationReportLogger - 

Error starting ApplicationContext. To display the condition evaluation report re-run your application with 'debug' enabled.
2025-07-09 13:26:39 ERROR [restartedMain] o.s.b.d.LoggingFailureAnalysisReporter - 

***************************
APPLICATION FAILED TO START
***************************

Description:

Your project setup is incompatible with our requirements due to following reasons:

- Spring Boot [3.1.8] is not compatible with this Spring Cloud release train


Action:

Consider applying the following actions:

- Change Spring Boot version to one of the following versions [3.2.x, 3.3.x] .
You can find the latest Spring Boot versions here [https://spring.io/projects/spring-boot#learn]. 
If you want to learn more about the Spring Cloud Release train compatibility, you can visit this page [https://spring.io/projects/spring-cloud#overview] and check the [Release Trains] section.
If you want to disable this check, just set the property [spring.cloud.compatibility-verifier.enabled=false]


2025-07-09 13:29:22 INFO  [restartedMain] c.E.EvidenceServiceApplication - Starting EvidenceServiceApplication using Java 22.0.1 with PID 26316 (D:\Day15\backend\evidence-service\target\classes started by PC in D:\Day15)
2025-07-09 13:29:22 DEBUG [restartedMain] c.E.EvidenceServiceApplication - Running with Spring Boot v3.2.0, Spring v6.1.1
2025-07-09 13:29:22 INFO  [restartedMain] c.E.EvidenceServiceApplication - No active profile set, falling back to 1 default profile: "default"
2025-07-09 13:29:22 INFO  [restartedMain] o.s.b.d.e.DevToolsPropertyDefaultsPostProcessor - Devtools property defaults active! Set 'spring.devtools.add-properties' to 'false' to disable
2025-07-09 13:29:22 INFO  [restartedMain] o.s.b.d.e.DevToolsPropertyDefaultsPostProcessor - For additional web related logging consider setting the 'logging.level.web' property to 'DEBUG'
2025-07-09 13:29:23 INFO  [restartedMain] o.s.d.r.c.RepositoryConfigurationDelegate - Bootstrapping Spring Data JPA repositories in DEFAULT mode.
2025-07-09 13:29:23 INFO  [restartedMain] o.s.d.r.c.RepositoryConfigurationDelegate - Finished Spring Data repository scanning in 137 ms. Found 11 JPA repository interfaces.
2025-07-09 13:29:24 INFO  [restartedMain] o.s.cloud.context.scope.GenericScope - BeanFactory id=ff7eaa47-20e1-39c2-aea1-a7d12d563778
2025-07-09 13:29:25 INFO  [restartedMain] o.s.b.w.e.tomcat.TomcatWebServer - Tomcat initialized with port 8080 (http)
2025-07-09 13:29:25 INFO  [restartedMain] o.a.catalina.core.StandardService - Starting service [Tomcat]
2025-07-09 13:29:25 INFO  [restartedMain] o.a.catalina.core.StandardEngine - Starting Servlet engine: [Apache Tomcat/10.1.16]
2025-07-09 13:29:25 INFO  [restartedMain] o.a.c.c.C.[Tomcat].[localhost].[/] - Initializing Spring embedded WebApplicationContext
2025-07-09 13:29:25 INFO  [restartedMain] o.s.b.w.s.c.ServletWebServerApplicationContext - Root WebApplicationContext: initialization completed in 3084 ms
2025-07-09 13:29:25 INFO  [restartedMain] com.zaxxer.hikari.HikariDataSource - HikariPool-1 - Starting...
2025-07-09 13:29:25 INFO  [restartedMain] com.zaxxer.hikari.pool.HikariPool - HikariPool-1 - Added connection com.mysql.cj.jdbc.ConnectionImpl@1bc6c3ad
2025-07-09 13:29:25 INFO  [restartedMain] com.zaxxer.hikari.HikariDataSource - HikariPool-1 - Start completed.
2025-07-09 13:29:25 INFO  [restartedMain] o.s.b.a.h.H2ConsoleAutoConfiguration - H2 console available at '/h2-console'. Database available at 'jdbc:mysql://127.0.0.1:3306/Evidence_Service'
2025-07-09 13:29:25 DEBUG [restartedMain] c.E.security.ApiKeyAuthFilter - Filter 'apiKeyAuthFilter' configured for use
2025-07-09 13:29:25 DEBUG [restartedMain] c.E.config.JwtTokenVerifier - Filter 'jwtTokenVerifierSecurity' configured for use
2025-07-09 13:29:26 INFO  [restartedMain] o.h.jpa.internal.util.LogHelper - HHH000204: Processing PersistenceUnitInfo [name: default]
2025-07-09 13:29:26 INFO  [restartedMain] org.hibernate.Version - HHH000412: Hibernate ORM core version 6.3.1.Final
2025-07-09 13:29:26 INFO  [restartedMain] o.h.c.i.RegionFactoryInitiator - HHH000026: Second-level cache disabled
2025-07-09 13:29:26 INFO  [restartedMain] o.s.o.j.p.SpringPersistenceUnitInfo - No LoadTimeWeaver setup: ignoring JPA class transformer
2025-07-09 13:29:26 WARN  [restartedMain] org.hibernate.orm.deprecation - HHH90000025: MySQLDialect does not need to be specified explicitly using 'hibernate.dialect' (remove the property setting and it will be selected by default)
2025-07-09 13:29:27 INFO  [restartedMain] o.h.e.t.j.p.i.JtaPlatformInitiator - HHH000489: No JTA platform available (set 'hibernate.transaction.jta.platform' to enable JTA platform integration)
2025-07-09 13:29:27 INFO  [restartedMain] o.s.o.j.LocalContainerEntityManagerFactoryBean - Initialized JPA EntityManagerFactory for persistence unit 'default'
2025-07-09 13:29:28 INFO  [restartedMain] o.s.d.j.r.query.QueryEnhancerFactory - Hibernate is in classpath; If applicable, HQL parser will be used.
2025-07-09 13:29:29 WARN  [restartedMain] o.s.b.a.o.j.JpaBaseConfiguration$JpaWebConfiguration - spring.jpa.open-in-view is enabled by default. Therefore, database queries may be performed during view rendering. Explicitly configure spring.jpa.open-in-view to disable this warning
2025-07-09 13:29:29 INFO  [restartedMain] o.s.b.d.a.OptionalLiveReloadServer - LiveReload server is running on port 35729
2025-07-09 13:29:29 DEBUG [restartedMain] o.s.s.c.a.a.c.AuthenticationConfiguration$DefaultPasswordEncoderAuthenticationManagerBuilder - No authenticationProviders and no parentAuthenticationManager defined. Returning null.
2025-07-09 13:29:30 INFO  [restartedMain] o.s.s.web.DefaultSecurityFilterChain - Will secure any request with [org.springframework.security.web.session.DisableEncodeUrlFilter@41c055bf, org.springframework.security.web.context.request.async.WebAsyncManagerIntegrationFilter@584ce72d, org.springframework.security.web.context.SecurityContextHolderFilter@44048bb1, org.springframework.security.web.header.HeaderWriterFilter@204047c5, org.springframework.web.filter.CorsFilter@3c02bf3b, org.springframework.security.web.authentication.logout.LogoutFilter@6c09a513, com.Evidence_Service.config.JwtTokenVerifier@2be45d11, com.Evidence_Service.security.ApiKeyAuthFilter@5752ae46, org.springframework.security.web.savedrequest.RequestCacheAwareFilter@54055fa2, org.springframework.security.web.servletapi.SecurityContextHolderAwareRequestFilter@2df8d671, org.springframework.security.web.authentication.AnonymousAuthenticationFilter@559755a7, org.springframework.security.web.session.SessionManagementFilter@668133fe, org.springframework.security.web.access.ExceptionTranslationFilter@21b05bb3, org.springframework.security.web.access.intercept.AuthorizationFilter@752d8705]
2025-07-09 13:29:30 INFO  [restartedMain] o.s.b.w.e.tomcat.TomcatWebServer - Tomcat started on port 8080 (http) with context path ''
2025-07-09 13:29:30 INFO  [restartedMain] o.a.k.c.consumer.ConsumerConfig - ConsumerConfig values: 
	allow.auto.create.topics = true
	auto.commit.interval.ms = 5000
	auto.include.jmx.reporter = true
	auto.offset.reset = latest
	bootstrap.servers = [localhost:9092]
	check.crcs = true
	client.dns.lookup = use_all_dns_ips
	client.id = consumer-evidence-service-report-deleted-1
	client.rack = 
	connections.max.idle.ms = 540000
	default.api.timeout.ms = 60000
	enable.auto.commit = false
	exclude.internal.topics = true
	fetch.max.bytes = 52428800
	fetch.max.wait.ms = 500
	fetch.min.bytes = 1
	group.id = evidence-service-report-deleted
	group.instance.id = null
	heartbeat.interval.ms = 3000
	interceptor.classes = []
	internal.leave.group.on.close = true
	internal.throw.on.fetch.stable.offset.unsupported = false
	isolation.level = read_uncommitted
	key.deserializer = class org.apache.kafka.common.serialization.StringDeserializer
	max.partition.fetch.bytes = 1048576
	max.poll.interval.ms = 300000
	max.poll.records = 500
	metadata.max.age.ms = 300000
	metric.reporters = []
	metrics.num.samples = 2
	metrics.recording.level = INFO
	metrics.sample.window.ms = 30000
	partition.assignment.strategy = [class org.apache.kafka.clients.consumer.RangeAssignor, class org.apache.kafka.clients.consumer.CooperativeStickyAssignor]
	receive.buffer.bytes = 65536
	reconnect.backoff.max.ms = 1000
	reconnect.backoff.ms = 50
	request.timeout.ms = 30000
	retry.backoff.ms = 100
	sasl.client.callback.handler.class = null
	sasl.jaas.config = null
	sasl.kerberos.kinit.cmd = /usr/bin/kinit
	sasl.kerberos.min.time.before.relogin = 60000
	sasl.kerberos.service.name = null
	sasl.kerberos.ticket.renew.jitter = 0.05
	sasl.kerberos.ticket.renew.window.factor = 0.8
	sasl.login.callback.handler.class = null
	sasl.login.class = null
	sasl.login.connect.timeout.ms = null
	sasl.login.read.timeout.ms = null
	sasl.login.refresh.buffer.seconds = 300
	sasl.login.refresh.min.period.seconds = 60
	sasl.login.refresh.window.factor = 0.8
	sasl.login.refresh.window.jitter = 0.05
	sasl.login.retry.backoff.max.ms = 10000
	sasl.login.retry.backoff.ms = 100
	sasl.mechanism = GSSAPI
	sasl.oauthbearer.clock.skew.seconds = 30
	sasl.oauthbearer.expected.audience = null
	sasl.oauthbearer.expected.issuer = null
	sasl.oauthbearer.jwks.endpoint.refresh.ms = 3600000
	sasl.oauthbearer.jwks.endpoint.retry.backoff.max.ms = 10000
	sasl.oauthbearer.jwks.endpoint.retry.backoff.ms = 100
	sasl.oauthbearer.jwks.endpoint.url = null
	sasl.oauthbearer.scope.claim.name = scope
	sasl.oauthbearer.sub.claim.name = sub
	sasl.oauthbearer.token.endpoint.url = null
	security.protocol = PLAINTEXT
	security.providers = null
	send.buffer.bytes = 131072
	session.timeout.ms = 45000
	socket.connection.setup.timeout.max.ms = 30000
	socket.connection.setup.timeout.ms = 10000
	ssl.cipher.suites = null
	ssl.enabled.protocols = [TLSv1.2, TLSv1.3]
	ssl.endpoint.identification.algorithm = https
	ssl.engine.factory.class = null
	ssl.key.password = null
	ssl.keymanager.algorithm = SunX509
	ssl.keystore.certificate.chain = null
	ssl.keystore.key = null
	ssl.keystore.location = null
	ssl.keystore.password = null
	ssl.keystore.type = JKS
	ssl.protocol = TLSv1.3
	ssl.provider = null
	ssl.secure.random.implementation = null
	ssl.trustmanager.algorithm = PKIX
	ssl.truststore.certificates = null
	ssl.truststore.location = null
	ssl.truststore.password = null
	ssl.truststore.type = JKS
	value.deserializer = class org.springframework.kafka.support.serializer.JsonDeserializer

2025-07-09 13:29:30 INFO  [restartedMain] o.a.kafka.common.utils.AppInfoParser - Kafka version: 3.6.0
2025-07-09 13:29:30 INFO  [restartedMain] o.a.kafka.common.utils.AppInfoParser - Kafka commitId: 60e845626d8a465a
2025-07-09 13:29:30 INFO  [restartedMain] o.a.kafka.common.utils.AppInfoParser - Kafka startTimeMs: 1752042570925
2025-07-09 13:29:30 INFO  [restartedMain] o.s.k.c.DefaultKafkaConsumerFactory$ExtendedKafkaConsumer - [Consumer clientId=consumer-evidence-service-report-deleted-1, groupId=evidence-service-report-deleted] Subscribed to topic(s): report.deleted
2025-07-09 13:29:30 INFO  [restartedMain] o.a.k.c.consumer.ConsumerConfig - ConsumerConfig values: 
	allow.auto.create.topics = true
	auto.commit.interval.ms = 5000
	auto.include.jmx.reporter = true
	auto.offset.reset = latest
	bootstrap.servers = [localhost:9092]
	check.crcs = true
	client.dns.lookup = use_all_dns_ips
	client.id = consumer-evidence-service-warrant-deleted-2
	client.rack = 
	connections.max.idle.ms = 540000
	default.api.timeout.ms = 60000
	enable.auto.commit = false
	exclude.internal.topics = true
	fetch.max.bytes = 52428800
	fetch.max.wait.ms = 500
	fetch.min.bytes = 1
	group.id = evidence-service-warrant-deleted
	group.instance.id = null
	heartbeat.interval.ms = 3000
	interceptor.classes = []
	internal.leave.group.on.close = true
	internal.throw.on.fetch.stable.offset.unsupported = false
	isolation.level = read_uncommitted
	key.deserializer = class org.apache.kafka.common.serialization.StringDeserializer
	max.partition.fetch.bytes = 1048576
	max.poll.interval.ms = 300000
	max.poll.records = 500
	metadata.max.age.ms = 300000
	metric.reporters = []
	metrics.num.samples = 2
	metrics.recording.level = INFO
	metrics.sample.window.ms = 30000
	partition.assignment.strategy = [class org.apache.kafka.clients.consumer.RangeAssignor, class org.apache.kafka.clients.consumer.CooperativeStickyAssignor]
	receive.buffer.bytes = 65536
	reconnect.backoff.max.ms = 1000
	reconnect.backoff.ms = 50
	request.timeout.ms = 30000
	retry.backoff.ms = 100
	sasl.client.callback.handler.class = null
	sasl.jaas.config = null
	sasl.kerberos.kinit.cmd = /usr/bin/kinit
	sasl.kerberos.min.time.before.relogin = 60000
	sasl.kerberos.service.name = null
	sasl.kerberos.ticket.renew.jitter = 0.05
	sasl.kerberos.ticket.renew.window.factor = 0.8
	sasl.login.callback.handler.class = null
	sasl.login.class = null
	sasl.login.connect.timeout.ms = null
	sasl.login.read.timeout.ms = null
	sasl.login.refresh.buffer.seconds = 300
	sasl.login.refresh.min.period.seconds = 60
	sasl.login.refresh.window.factor = 0.8
	sasl.login.refresh.window.jitter = 0.05
	sasl.login.retry.backoff.max.ms = 10000
	sasl.login.retry.backoff.ms = 100
	sasl.mechanism = GSSAPI
	sasl.oauthbearer.clock.skew.seconds = 30
	sasl.oauthbearer.expected.audience = null
	sasl.oauthbearer.expected.issuer = null
	sasl.oauthbearer.jwks.endpoint.refresh.ms = 3600000
	sasl.oauthbearer.jwks.endpoint.retry.backoff.max.ms = 10000
	sasl.oauthbearer.jwks.endpoint.retry.backoff.ms = 100
	sasl.oauthbearer.jwks.endpoint.url = null
	sasl.oauthbearer.scope.claim.name = scope
	sasl.oauthbearer.sub.claim.name = sub
	sasl.oauthbearer.token.endpoint.url = null
	security.protocol = PLAINTEXT
	security.providers = null
	send.buffer.bytes = 131072
	session.timeout.ms = 45000
	socket.connection.setup.timeout.max.ms = 30000
	socket.connection.setup.timeout.ms = 10000
	ssl.cipher.suites = null
	ssl.enabled.protocols = [TLSv1.2, TLSv1.3]
	ssl.endpoint.identification.algorithm = https
	ssl.engine.factory.class = null
	ssl.key.password = null
	ssl.keymanager.algorithm = SunX509
	ssl.keystore.certificate.chain = null
	ssl.keystore.key = null
	ssl.keystore.location = null
	ssl.keystore.password = null
	ssl.keystore.type = JKS
	ssl.protocol = TLSv1.3
	ssl.provider = null
	ssl.secure.random.implementation = null
	ssl.trustmanager.algorithm = PKIX
	ssl.truststore.certificates = null
	ssl.truststore.location = null
	ssl.truststore.password = null
	ssl.truststore.type = JKS
	value.deserializer = class org.springframework.kafka.support.serializer.JsonDeserializer

2025-07-09 13:29:30 INFO  [restartedMain] o.a.kafka.common.utils.AppInfoParser - Kafka version: 3.6.0
2025-07-09 13:29:30 INFO  [restartedMain] o.a.kafka.common.utils.AppInfoParser - Kafka commitId: 60e845626d8a465a
2025-07-09 13:29:30 INFO  [restartedMain] o.a.kafka.common.utils.AppInfoParser - Kafka startTimeMs: 1752042570948
2025-07-09 13:29:30 INFO  [restartedMain] o.s.k.c.DefaultKafkaConsumerFactory$ExtendedKafkaConsumer - [Consumer clientId=consumer-evidence-service-warrant-deleted-2, groupId=evidence-service-warrant-deleted] Subscribed to topic(s): warrant.deleted
2025-07-09 13:29:30 INFO  [restartedMain] o.a.k.c.consumer.ConsumerConfig - ConsumerConfig values: 
	allow.auto.create.topics = true
	auto.commit.interval.ms = 5000
	auto.include.jmx.reporter = true
	auto.offset.reset = latest
	bootstrap.servers = [localhost:9092]
	check.crcs = true
	client.dns.lookup = use_all_dns_ips
	client.id = consumer-evidence-service-report-created-3
	client.rack = 
	connections.max.idle.ms = 540000
	default.api.timeout.ms = 60000
	enable.auto.commit = false
	exclude.internal.topics = true
	fetch.max.bytes = 52428800
	fetch.max.wait.ms = 500
	fetch.min.bytes = 1
	group.id = evidence-service-report-created
	group.instance.id = null
	heartbeat.interval.ms = 3000
	interceptor.classes = []
	internal.leave.group.on.close = true
	internal.throw.on.fetch.stable.offset.unsupported = false
	isolation.level = read_uncommitted
	key.deserializer = class org.apache.kafka.common.serialization.StringDeserializer
	max.partition.fetch.bytes = 1048576
	max.poll.interval.ms = 300000
	max.poll.records = 500
	metadata.max.age.ms = 300000
	metric.reporters = []
	metrics.num.samples = 2
	metrics.recording.level = INFO
	metrics.sample.window.ms = 30000
	partition.assignment.strategy = [class org.apache.kafka.clients.consumer.RangeAssignor, class org.apache.kafka.clients.consumer.CooperativeStickyAssignor]
	receive.buffer.bytes = 65536
	reconnect.backoff.max.ms = 1000
	reconnect.backoff.ms = 50
	request.timeout.ms = 30000
	retry.backoff.ms = 100
	sasl.client.callback.handler.class = null
	sasl.jaas.config = null
	sasl.kerberos.kinit.cmd = /usr/bin/kinit
	sasl.kerberos.min.time.before.relogin = 60000
	sasl.kerberos.service.name = null
	sasl.kerberos.ticket.renew.jitter = 0.05
	sasl.kerberos.ticket.renew.window.factor = 0.8
	sasl.login.callback.handler.class = null
	sasl.login.class = null
	sasl.login.connect.timeout.ms = null
	sasl.login.read.timeout.ms = null
	sasl.login.refresh.buffer.seconds = 300
	sasl.login.refresh.min.period.seconds = 60
	sasl.login.refresh.window.factor = 0.8
	sasl.login.refresh.window.jitter = 0.05
	sasl.login.retry.backoff.max.ms = 10000
	sasl.login.retry.backoff.ms = 100
	sasl.mechanism = GSSAPI
	sasl.oauthbearer.clock.skew.seconds = 30
	sasl.oauthbearer.expected.audience = null
	sasl.oauthbearer.expected.issuer = null
	sasl.oauthbearer.jwks.endpoint.refresh.ms = 3600000
	sasl.oauthbearer.jwks.endpoint.retry.backoff.max.ms = 10000
	sasl.oauthbearer.jwks.endpoint.retry.backoff.ms = 100
	sasl.oauthbearer.jwks.endpoint.url = null
	sasl.oauthbearer.scope.claim.name = scope
	sasl.oauthbearer.sub.claim.name = sub
	sasl.oauthbearer.token.endpoint.url = null
	security.protocol = PLAINTEXT
	security.providers = null
	send.buffer.bytes = 131072
	session.timeout.ms = 45000
	socket.connection.setup.timeout.max.ms = 30000
	socket.connection.setup.timeout.ms = 10000
	ssl.cipher.suites = null
	ssl.enabled.protocols = [TLSv1.2, TLSv1.3]
	ssl.endpoint.identification.algorithm = https
	ssl.engine.factory.class = null
	ssl.key.password = null
	ssl.keymanager.algorithm = SunX509
	ssl.keystore.certificate.chain = null
	ssl.keystore.key = null
	ssl.keystore.location = null
	ssl.keystore.password = null
	ssl.keystore.type = JKS
	ssl.protocol = TLSv1.3
	ssl.provider = null
	ssl.secure.random.implementation = null
	ssl.trustmanager.algorithm = PKIX
	ssl.truststore.certificates = null
	ssl.truststore.location = null
	ssl.truststore.password = null
	ssl.truststore.type = JKS
	value.deserializer = class org.springframework.kafka.support.serializer.JsonDeserializer

2025-07-09 13:29:30 INFO  [restartedMain] o.a.kafka.common.utils.AppInfoParser - Kafka version: 3.6.0
2025-07-09 13:29:30 INFO  [restartedMain] o.a.kafka.common.utils.AppInfoParser - Kafka commitId: 60e845626d8a465a
2025-07-09 13:29:30 INFO  [restartedMain] o.a.kafka.common.utils.AppInfoParser - Kafka startTimeMs: 1752042570959
2025-07-09 13:29:30 INFO  [restartedMain] o.s.k.c.DefaultKafkaConsumerFactory$ExtendedKafkaConsumer - [Consumer clientId=consumer-evidence-service-report-created-3, groupId=evidence-service-report-created] Subscribed to topic(s): report.created
2025-07-09 13:29:30 INFO  [restartedMain] o.a.k.c.consumer.ConsumerConfig - ConsumerConfig values: 
	allow.auto.create.topics = true
	auto.commit.interval.ms = 5000
	auto.include.jmx.reporter = true
	auto.offset.reset = latest
	bootstrap.servers = [localhost:9092]
	check.crcs = true
	client.dns.lookup = use_all_dns_ips
	client.id = consumer-evidence-service-case-created-4
	client.rack = 
	connections.max.idle.ms = 540000
	default.api.timeout.ms = 60000
	enable.auto.commit = false
	exclude.internal.topics = true
	fetch.max.bytes = 52428800
	fetch.max.wait.ms = 500
	fetch.min.bytes = 1
	group.id = evidence-service-case-created
	group.instance.id = null
	heartbeat.interval.ms = 3000
	interceptor.classes = []
	internal.leave.group.on.close = true
	internal.throw.on.fetch.stable.offset.unsupported = false
	isolation.level = read_uncommitted
	key.deserializer = class org.apache.kafka.common.serialization.StringDeserializer
	max.partition.fetch.bytes = 1048576
	max.poll.interval.ms = 300000
	max.poll.records = 500
	metadata.max.age.ms = 300000
	metric.reporters = []
	metrics.num.samples = 2
	metrics.recording.level = INFO
	metrics.sample.window.ms = 30000
	partition.assignment.strategy = [class org.apache.kafka.clients.consumer.RangeAssignor, class org.apache.kafka.clients.consumer.CooperativeStickyAssignor]
	receive.buffer.bytes = 65536
	reconnect.backoff.max.ms = 1000
	reconnect.backoff.ms = 50
	request.timeout.ms = 30000
	retry.backoff.ms = 100
	sasl.client.callback.handler.class = null
	sasl.jaas.config = null
	sasl.kerberos.kinit.cmd = /usr/bin/kinit
	sasl.kerberos.min.time.before.relogin = 60000
	sasl.kerberos.service.name = null
	sasl.kerberos.ticket.renew.jitter = 0.05
	sasl.kerberos.ticket.renew.window.factor = 0.8
	sasl.login.callback.handler.class = null
	sasl.login.class = null
	sasl.login.connect.timeout.ms = null
	sasl.login.read.timeout.ms = null
	sasl.login.refresh.buffer.seconds = 300
	sasl.login.refresh.min.period.seconds = 60
	sasl.login.refresh.window.factor = 0.8
	sasl.login.refresh.window.jitter = 0.05
	sasl.login.retry.backoff.max.ms = 10000
	sasl.login.retry.backoff.ms = 100
	sasl.mechanism = GSSAPI
	sasl.oauthbearer.clock.skew.seconds = 30
	sasl.oauthbearer.expected.audience = null
	sasl.oauthbearer.expected.issuer = null
	sasl.oauthbearer.jwks.endpoint.refresh.ms = 3600000
	sasl.oauthbearer.jwks.endpoint.retry.backoff.max.ms = 10000
	sasl.oauthbearer.jwks.endpoint.retry.backoff.ms = 100
	sasl.oauthbearer.jwks.endpoint.url = null
	sasl.oauthbearer.scope.claim.name = scope
	sasl.oauthbearer.sub.claim.name = sub
	sasl.oauthbearer.token.endpoint.url = null
	security.protocol = PLAINTEXT
	security.providers = null
	send.buffer.bytes = 131072
	session.timeout.ms = 45000
	socket.connection.setup.timeout.max.ms = 30000
	socket.connection.setup.timeout.ms = 10000
	ssl.cipher.suites = null
	ssl.enabled.protocols = [TLSv1.2, TLSv1.3]
	ssl.endpoint.identification.algorithm = https
	ssl.engine.factory.class = null
	ssl.key.password = null
	ssl.keymanager.algorithm = SunX509
	ssl.keystore.certificate.chain = null
	ssl.keystore.key = null
	ssl.keystore.location = null
	ssl.keystore.password = null
	ssl.keystore.type = JKS
	ssl.protocol = TLSv1.3
	ssl.provider = null
	ssl.secure.random.implementation = null
	ssl.trustmanager.algorithm = PKIX
	ssl.truststore.certificates = null
	ssl.truststore.location = null
	ssl.truststore.password = null
	ssl.truststore.type = JKS
	value.deserializer = class org.springframework.kafka.support.serializer.JsonDeserializer

2025-07-09 13:29:30 INFO  [restartedMain] o.a.kafka.common.utils.AppInfoParser - Kafka version: 3.6.0
2025-07-09 13:29:30 INFO  [restartedMain] o.a.kafka.common.utils.AppInfoParser - Kafka commitId: 60e845626d8a465a
2025-07-09 13:29:30 INFO  [restartedMain] o.a.kafka.common.utils.AppInfoParser - Kafka startTimeMs: 1752042570966
2025-07-09 13:29:30 INFO  [restartedMain] o.s.k.c.DefaultKafkaConsumerFactory$ExtendedKafkaConsumer - [Consumer clientId=consumer-evidence-service-case-created-4, groupId=evidence-service-case-created] Subscribed to topic(s): case.created
2025-07-09 13:29:30 INFO  [restartedMain] o.a.k.c.consumer.ConsumerConfig - ConsumerConfig values: 
	allow.auto.create.topics = true
	auto.commit.interval.ms = 5000
	auto.include.jmx.reporter = true
	auto.offset.reset = latest
	bootstrap.servers = [localhost:9092]
	check.crcs = true
	client.dns.lookup = use_all_dns_ips
	client.id = consumer-evidence-service-analysis-5
	client.rack = 
	connections.max.idle.ms = 540000
	default.api.timeout.ms = 60000
	enable.auto.commit = false
	exclude.internal.topics = true
	fetch.max.bytes = 52428800
	fetch.max.wait.ms = 500
	fetch.min.bytes = 1
	group.id = evidence-service-analysis
	group.instance.id = null
	heartbeat.interval.ms = 3000
	interceptor.classes = []
	internal.leave.group.on.close = true
	internal.throw.on.fetch.stable.offset.unsupported = false
	isolation.level = read_uncommitted
	key.deserializer = class org.apache.kafka.common.serialization.StringDeserializer
	max.partition.fetch.bytes = 1048576
	max.poll.interval.ms = 300000
	max.poll.records = 500
	metadata.max.age.ms = 300000
	metric.reporters = []
	metrics.num.samples = 2
	metrics.recording.level = INFO
	metrics.sample.window.ms = 30000
	partition.assignment.strategy = [class org.apache.kafka.clients.consumer.RangeAssignor, class org.apache.kafka.clients.consumer.CooperativeStickyAssignor]
	receive.buffer.bytes = 65536
	reconnect.backoff.max.ms = 1000
	reconnect.backoff.ms = 50
	request.timeout.ms = 30000
	retry.backoff.ms = 100
	sasl.client.callback.handler.class = null
	sasl.jaas.config = null
	sasl.kerberos.kinit.cmd = /usr/bin/kinit
	sasl.kerberos.min.time.before.relogin = 60000
	sasl.kerberos.service.name = null
	sasl.kerberos.ticket.renew.jitter = 0.05
	sasl.kerberos.ticket.renew.window.factor = 0.8
	sasl.login.callback.handler.class = null
	sasl.login.class = null
	sasl.login.connect.timeout.ms = null
	sasl.login.read.timeout.ms = null
	sasl.login.refresh.buffer.seconds = 300
	sasl.login.refresh.min.period.seconds = 60
	sasl.login.refresh.window.factor = 0.8
	sasl.login.refresh.window.jitter = 0.05
	sasl.login.retry.backoff.max.ms = 10000
	sasl.login.retry.backoff.ms = 100
	sasl.mechanism = GSSAPI
	sasl.oauthbearer.clock.skew.seconds = 30
	sasl.oauthbearer.expected.audience = null
	sasl.oauthbearer.expected.issuer = null
	sasl.oauthbearer.jwks.endpoint.refresh.ms = 3600000
	sasl.oauthbearer.jwks.endpoint.retry.backoff.max.ms = 10000
	sasl.oauthbearer.jwks.endpoint.retry.backoff.ms = 100
	sasl.oauthbearer.jwks.endpoint.url = null
	sasl.oauthbearer.scope.claim.name = scope
	sasl.oauthbearer.sub.claim.name = sub
	sasl.oauthbearer.token.endpoint.url = null
	security.protocol = PLAINTEXT
	security.providers = null
	send.buffer.bytes = 131072
	session.timeout.ms = 45000
	socket.connection.setup.timeout.max.ms = 30000
	socket.connection.setup.timeout.ms = 10000
	ssl.cipher.suites = null
	ssl.enabled.protocols = [TLSv1.2, TLSv1.3]
	ssl.endpoint.identification.algorithm = https
	ssl.engine.factory.class = null
	ssl.key.password = null
	ssl.keymanager.algorithm = SunX509
	ssl.keystore.certificate.chain = null
	ssl.keystore.key = null
	ssl.keystore.location = null
	ssl.keystore.password = null
	ssl.keystore.type = JKS
	ssl.protocol = TLSv1.3
	ssl.provider = null
	ssl.secure.random.implementation = null
	ssl.trustmanager.algorithm = PKIX
	ssl.truststore.certificates = null
	ssl.truststore.location = null
	ssl.truststore.password = null
	ssl.truststore.type = JKS
	value.deserializer = class org.springframework.kafka.support.serializer.JsonDeserializer

2025-07-09 13:29:30 INFO  [restartedMain] o.a.kafka.common.utils.AppInfoParser - Kafka version: 3.6.0
2025-07-09 13:29:30 INFO  [restartedMain] o.a.kafka.common.utils.AppInfoParser - Kafka commitId: 60e845626d8a465a
2025-07-09 13:29:30 INFO  [restartedMain] o.a.kafka.common.utils.AppInfoParser - Kafka startTimeMs: 1752042570975
2025-07-09 13:29:30 INFO  [restartedMain] o.s.k.c.DefaultKafkaConsumerFactory$ExtendedKafkaConsumer - [Consumer clientId=consumer-evidence-service-analysis-5, groupId=evidence-service-analysis] Subscribed to topic(s): evidence.analysis-recorded
2025-07-09 13:29:30 INFO  [restartedMain] o.a.k.c.consumer.ConsumerConfig - ConsumerConfig values: 
	allow.auto.create.topics = true
	auto.commit.interval.ms = 5000
	auto.include.jmx.reporter = true
	auto.offset.reset = latest
	bootstrap.servers = [localhost:9092]
	check.crcs = true
	client.dns.lookup = use_all_dns_ips
	client.id = consumer-evidence-service-investigation-deleted-6
	client.rack = 
	connections.max.idle.ms = 540000
	default.api.timeout.ms = 60000
	enable.auto.commit = false
	exclude.internal.topics = true
	fetch.max.bytes = 52428800
	fetch.max.wait.ms = 500
	fetch.min.bytes = 1
	group.id = evidence-service-investigation-deleted
	group.instance.id = null
	heartbeat.interval.ms = 3000
	interceptor.classes = []
	internal.leave.group.on.close = true
	internal.throw.on.fetch.stable.offset.unsupported = false
	isolation.level = read_uncommitted
	key.deserializer = class org.apache.kafka.common.serialization.StringDeserializer
	max.partition.fetch.bytes = 1048576
	max.poll.interval.ms = 300000
	max.poll.records = 500
	metadata.max.age.ms = 300000
	metric.reporters = []
	metrics.num.samples = 2
	metrics.recording.level = INFO
	metrics.sample.window.ms = 30000
	partition.assignment.strategy = [class org.apache.kafka.clients.consumer.RangeAssignor, class org.apache.kafka.clients.consumer.CooperativeStickyAssignor]
	receive.buffer.bytes = 65536
	reconnect.backoff.max.ms = 1000
	reconnect.backoff.ms = 50
	request.timeout.ms = 30000
	retry.backoff.ms = 100
	sasl.client.callback.handler.class = null
	sasl.jaas.config = null
	sasl.kerberos.kinit.cmd = /usr/bin/kinit
	sasl.kerberos.min.time.before.relogin = 60000
	sasl.kerberos.service.name = null
	sasl.kerberos.ticket.renew.jitter = 0.05
	sasl.kerberos.ticket.renew.window.factor = 0.8
	sasl.login.callback.handler.class = null
	sasl.login.class = null
	sasl.login.connect.timeout.ms = null
	sasl.login.read.timeout.ms = null
	sasl.login.refresh.buffer.seconds = 300
	sasl.login.refresh.min.period.seconds = 60
	sasl.login.refresh.window.factor = 0.8
	sasl.login.refresh.window.jitter = 0.05
	sasl.login.retry.backoff.max.ms = 10000
	sasl.login.retry.backoff.ms = 100
	sasl.mechanism = GSSAPI
	sasl.oauthbearer.clock.skew.seconds = 30
	sasl.oauthbearer.expected.audience = null
	sasl.oauthbearer.expected.issuer = null
	sasl.oauthbearer.jwks.endpoint.refresh.ms = 3600000
	sasl.oauthbearer.jwks.endpoint.retry.backoff.max.ms = 10000
	sasl.oauthbearer.jwks.endpoint.retry.backoff.ms = 100
	sasl.oauthbearer.jwks.endpoint.url = null
	sasl.oauthbearer.scope.claim.name = scope
	sasl.oauthbearer.sub.claim.name = sub
	sasl.oauthbearer.token.endpoint.url = null
	security.protocol = PLAINTEXT
	security.providers = null
	send.buffer.bytes = 131072
	session.timeout.ms = 45000
	socket.connection.setup.timeout.max.ms = 30000
	socket.connection.setup.timeout.ms = 10000
	ssl.cipher.suites = null
	ssl.enabled.protocols = [TLSv1.2, TLSv1.3]
	ssl.endpoint.identification.algorithm = https
	ssl.engine.factory.class = null
	ssl.key.password = null
	ssl.keymanager.algorithm = SunX509
	ssl.keystore.certificate.chain = null
	ssl.keystore.key = null
	ssl.keystore.location = null
	ssl.keystore.password = null
	ssl.keystore.type = JKS
	ssl.protocol = TLSv1.3
	ssl.provider = null
	ssl.secure.random.implementation = null
	ssl.trustmanager.algorithm = PKIX
	ssl.truststore.certificates = null
	ssl.truststore.location = null
	ssl.truststore.password = null
	ssl.truststore.type = JKS
	value.deserializer = class org.springframework.kafka.support.serializer.JsonDeserializer

2025-07-09 13:29:30 INFO  [restartedMain] o.a.kafka.common.utils.AppInfoParser - Kafka version: 3.6.0
2025-07-09 13:29:30 INFO  [restartedMain] o.a.kafka.common.utils.AppInfoParser - Kafka commitId: 60e845626d8a465a
2025-07-09 13:29:30 INFO  [restartedMain] o.a.kafka.common.utils.AppInfoParser - Kafka startTimeMs: 1752042570980
2025-07-09 13:29:30 INFO  [restartedMain] o.s.k.c.DefaultKafkaConsumerFactory$ExtendedKafkaConsumer - [Consumer clientId=consumer-evidence-service-investigation-deleted-6, groupId=evidence-service-investigation-deleted] Subscribed to topic(s): investigation.deleted
2025-07-09 13:29:30 INFO  [restartedMain] o.a.k.c.consumer.ConsumerConfig - ConsumerConfig values: 
	allow.auto.create.topics = true
	auto.commit.interval.ms = 5000
	auto.include.jmx.reporter = true
	auto.offset.reset = latest
	bootstrap.servers = [localhost:9092]
	check.crcs = true
	client.dns.lookup = use_all_dns_ips
	client.id = consumer-evidence-service-suspect-deleted-7
	client.rack = 
	connections.max.idle.ms = 540000
	default.api.timeout.ms = 60000
	enable.auto.commit = false
	exclude.internal.topics = true
	fetch.max.bytes = 52428800
	fetch.max.wait.ms = 500
	fetch.min.bytes = 1
	group.id = evidence-service-suspect-deleted
	group.instance.id = null
	heartbeat.interval.ms = 3000
	interceptor.classes = []
	internal.leave.group.on.close = true
	internal.throw.on.fetch.stable.offset.unsupported = false
	isolation.level = read_uncommitted
	key.deserializer = class org.apache.kafka.common.serialization.StringDeserializer
	max.partition.fetch.bytes = 1048576
	max.poll.interval.ms = 300000
	max.poll.records = 500
	metadata.max.age.ms = 300000
	metric.reporters = []
	metrics.num.samples = 2
	metrics.recording.level = INFO
	metrics.sample.window.ms = 30000
	partition.assignment.strategy = [class org.apache.kafka.clients.consumer.RangeAssignor, class org.apache.kafka.clients.consumer.CooperativeStickyAssignor]
	receive.buffer.bytes = 65536
	reconnect.backoff.max.ms = 1000
	reconnect.backoff.ms = 50
	request.timeout.ms = 30000
	retry.backoff.ms = 100
	sasl.client.callback.handler.class = null
	sasl.jaas.config = null
	sasl.kerberos.kinit.cmd = /usr/bin/kinit
	sasl.kerberos.min.time.before.relogin = 60000
	sasl.kerberos.service.name = null
	sasl.kerberos.ticket.renew.jitter = 0.05
	sasl.kerberos.ticket.renew.window.factor = 0.8
	sasl.login.callback.handler.class = null
	sasl.login.class = null
	sasl.login.connect.timeout.ms = null
	sasl.login.read.timeout.ms = null
	sasl.login.refresh.buffer.seconds = 300
	sasl.login.refresh.min.period.seconds = 60
	sasl.login.refresh.window.factor = 0.8
	sasl.login.refresh.window.jitter = 0.05
	sasl.login.retry.backoff.max.ms = 10000
	sasl.login.retry.backoff.ms = 100
	sasl.mechanism = GSSAPI
	sasl.oauthbearer.clock.skew.seconds = 30
	sasl.oauthbearer.expected.audience = null
	sasl.oauthbearer.expected.issuer = null
	sasl.oauthbearer.jwks.endpoint.refresh.ms = 3600000
	sasl.oauthbearer.jwks.endpoint.retry.backoff.max.ms = 10000
	sasl.oauthbearer.jwks.endpoint.retry.backoff.ms = 100
	sasl.oauthbearer.jwks.endpoint.url = null
	sasl.oauthbearer.scope.claim.name = scope
	sasl.oauthbearer.sub.claim.name = sub
	sasl.oauthbearer.token.endpoint.url = null
	security.protocol = PLAINTEXT
	security.providers = null
	send.buffer.bytes = 131072
	session.timeout.ms = 45000
	socket.connection.setup.timeout.max.ms = 30000
	socket.connection.setup.timeout.ms = 10000
	ssl.cipher.suites = null
	ssl.enabled.protocols = [TLSv1.2, TLSv1.3]
	ssl.endpoint.identification.algorithm = https
	ssl.engine.factory.class = null
	ssl.key.password = null
	ssl.keymanager.algorithm = SunX509
	ssl.keystore.certificate.chain = null
	ssl.keystore.key = null
	ssl.keystore.location = null
	ssl.keystore.password = null
	ssl.keystore.type = JKS
	ssl.protocol = TLSv1.3
	ssl.provider = null
	ssl.secure.random.implementation = null
	ssl.trustmanager.algorithm = PKIX
	ssl.truststore.certificates = null
	ssl.truststore.location = null
	ssl.truststore.password = null
	ssl.truststore.type = JKS
	value.deserializer = class org.springframework.kafka.support.serializer.JsonDeserializer

2025-07-09 13:29:30 INFO  [restartedMain] o.a.kafka.common.utils.AppInfoParser - Kafka version: 3.6.0
2025-07-09 13:29:30 INFO  [restartedMain] o.a.kafka.common.utils.AppInfoParser - Kafka commitId: 60e845626d8a465a
2025-07-09 13:29:30 INFO  [restartedMain] o.a.kafka.common.utils.AppInfoParser - Kafka startTimeMs: 1752042570985
2025-07-09 13:29:30 INFO  [restartedMain] o.s.k.c.DefaultKafkaConsumerFactory$ExtendedKafkaConsumer - [Consumer clientId=consumer-evidence-service-suspect-deleted-7, groupId=evidence-service-suspect-deleted] Subscribed to topic(s): suspect.deleted
2025-07-09 13:29:30 INFO  [restartedMain] o.a.k.c.consumer.ConsumerConfig - ConsumerConfig values: 
	allow.auto.create.topics = true
	auto.commit.interval.ms = 5000
	auto.include.jmx.reporter = true
	auto.offset.reset = latest
	bootstrap.servers = [localhost:9092]
	check.crcs = true
	client.dns.lookup = use_all_dns_ips
	client.id = consumer-evidence-service-suspect-assigned-8
	client.rack = 
	connections.max.idle.ms = 540000
	default.api.timeout.ms = 60000
	enable.auto.commit = false
	exclude.internal.topics = true
	fetch.max.bytes = 52428800
	fetch.max.wait.ms = 500
	fetch.min.bytes = 1
	group.id = evidence-service-suspect-assigned
	group.instance.id = null
	heartbeat.interval.ms = 3000
	interceptor.classes = []
	internal.leave.group.on.close = true
	internal.throw.on.fetch.stable.offset.unsupported = false
	isolation.level = read_uncommitted
	key.deserializer = class org.apache.kafka.common.serialization.StringDeserializer
	max.partition.fetch.bytes = 1048576
	max.poll.interval.ms = 300000
	max.poll.records = 500
	metadata.max.age.ms = 300000
	metric.reporters = []
	metrics.num.samples = 2
	metrics.recording.level = INFO
	metrics.sample.window.ms = 30000
	partition.assignment.strategy = [class org.apache.kafka.clients.consumer.RangeAssignor, class org.apache.kafka.clients.consumer.CooperativeStickyAssignor]
	receive.buffer.bytes = 65536
	reconnect.backoff.max.ms = 1000
	reconnect.backoff.ms = 50
	request.timeout.ms = 30000
	retry.backoff.ms = 100
	sasl.client.callback.handler.class = null
	sasl.jaas.config = null
	sasl.kerberos.kinit.cmd = /usr/bin/kinit
	sasl.kerberos.min.time.before.relogin = 60000
	sasl.kerberos.service.name = null
	sasl.kerberos.ticket.renew.jitter = 0.05
	sasl.kerberos.ticket.renew.window.factor = 0.8
	sasl.login.callback.handler.class = null
	sasl.login.class = null
	sasl.login.connect.timeout.ms = null
	sasl.login.read.timeout.ms = null
	sasl.login.refresh.buffer.seconds = 300
	sasl.login.refresh.min.period.seconds = 60
	sasl.login.refresh.window.factor = 0.8
	sasl.login.refresh.window.jitter = 0.05
	sasl.login.retry.backoff.max.ms = 10000
	sasl.login.retry.backoff.ms = 100
	sasl.mechanism = GSSAPI
	sasl.oauthbearer.clock.skew.seconds = 30
	sasl.oauthbearer.expected.audience = null
	sasl.oauthbearer.expected.issuer = null
	sasl.oauthbearer.jwks.endpoint.refresh.ms = 3600000
	sasl.oauthbearer.jwks.endpoint.retry.backoff.max.ms = 10000
	sasl.oauthbearer.jwks.endpoint.retry.backoff.ms = 100
	sasl.oauthbearer.jwks.endpoint.url = null
	sasl.oauthbearer.scope.claim.name = scope
	sasl.oauthbearer.sub.claim.name = sub
	sasl.oauthbearer.token.endpoint.url = null
	security.protocol = PLAINTEXT
	security.providers = null
	send.buffer.bytes = 131072
	session.timeout.ms = 45000
	socket.connection.setup.timeout.max.ms = 30000
	socket.connection.setup.timeout.ms = 10000
	ssl.cipher.suites = null
	ssl.enabled.protocols = [TLSv1.2, TLSv1.3]
	ssl.endpoint.identification.algorithm = https
	ssl.engine.factory.class = null
	ssl.key.password = null
	ssl.keymanager.algorithm = SunX509
	ssl.keystore.certificate.chain = null
	ssl.keystore.key = null
	ssl.keystore.location = null
	ssl.keystore.password = null
	ssl.keystore.type = JKS
	ssl.protocol = TLSv1.3
	ssl.provider = null
	ssl.secure.random.implementation = null
	ssl.trustmanager.algorithm = PKIX
	ssl.truststore.certificates = null
	ssl.truststore.location = null
	ssl.truststore.password = null
	ssl.truststore.type = JKS
	value.deserializer = class org.springframework.kafka.support.serializer.JsonDeserializer

2025-07-09 13:29:30 INFO  [restartedMain] o.a.kafka.common.utils.AppInfoParser - Kafka version: 3.6.0
2025-07-09 13:29:30 INFO  [restartedMain] o.a.kafka.common.utils.AppInfoParser - Kafka commitId: 60e845626d8a465a
2025-07-09 13:29:30 INFO  [restartedMain] o.a.kafka.common.utils.AppInfoParser - Kafka startTimeMs: 1752042570990
2025-07-09 13:29:30 INFO  [restartedMain] o.s.k.c.DefaultKafkaConsumerFactory$ExtendedKafkaConsumer - [Consumer clientId=consumer-evidence-service-suspect-assigned-8, groupId=evidence-service-suspect-assigned] Subscribed to topic(s): evidence.suspect-assigned
2025-07-09 13:29:30 INFO  [restartedMain] o.a.k.c.consumer.ConsumerConfig - ConsumerConfig values: 
	allow.auto.create.topics = true
	auto.commit.interval.ms = 5000
	auto.include.jmx.reporter = true
	auto.offset.reset = latest
	bootstrap.servers = [localhost:9092]
	check.crcs = true
	client.dns.lookup = use_all_dns_ips
	client.id = consumer-evidence-service-case-deleted-9
	client.rack = 
	connections.max.idle.ms = 540000
	default.api.timeout.ms = 60000
	enable.auto.commit = false
	exclude.internal.topics = true
	fetch.max.bytes = 52428800
	fetch.max.wait.ms = 500
	fetch.min.bytes = 1
	group.id = evidence-service-case-deleted
	group.instance.id = null
	heartbeat.interval.ms = 3000
	interceptor.classes = []
	internal.leave.group.on.close = true
	internal.throw.on.fetch.stable.offset.unsupported = false
	isolation.level = read_uncommitted
	key.deserializer = class org.apache.kafka.common.serialization.StringDeserializer
	max.partition.fetch.bytes = 1048576
	max.poll.interval.ms = 300000
	max.poll.records = 500
	metadata.max.age.ms = 300000
	metric.reporters = []
	metrics.num.samples = 2
	metrics.recording.level = INFO
	metrics.sample.window.ms = 30000
	partition.assignment.strategy = [class org.apache.kafka.clients.consumer.RangeAssignor, class org.apache.kafka.clients.consumer.CooperativeStickyAssignor]
	receive.buffer.bytes = 65536
	reconnect.backoff.max.ms = 1000
	reconnect.backoff.ms = 50
	request.timeout.ms = 30000
	retry.backoff.ms = 100
	sasl.client.callback.handler.class = null
	sasl.jaas.config = null
	sasl.kerberos.kinit.cmd = /usr/bin/kinit
	sasl.kerberos.min.time.before.relogin = 60000
	sasl.kerberos.service.name = null
	sasl.kerberos.ticket.renew.jitter = 0.05
	sasl.kerberos.ticket.renew.window.factor = 0.8
	sasl.login.callback.handler.class = null
	sasl.login.class = null
	sasl.login.connect.timeout.ms = null
	sasl.login.read.timeout.ms = null
	sasl.login.refresh.buffer.seconds = 300
	sasl.login.refresh.min.period.seconds = 60
	sasl.login.refresh.window.factor = 0.8
	sasl.login.refresh.window.jitter = 0.05
	sasl.login.retry.backoff.max.ms = 10000
	sasl.login.retry.backoff.ms = 100
	sasl.mechanism = GSSAPI
	sasl.oauthbearer.clock.skew.seconds = 30
	sasl.oauthbearer.expected.audience = null
	sasl.oauthbearer.expected.issuer = null
	sasl.oauthbearer.jwks.endpoint.refresh.ms = 3600000
	sasl.oauthbearer.jwks.endpoint.retry.backoff.max.ms = 10000
	sasl.oauthbearer.jwks.endpoint.retry.backoff.ms = 100
	sasl.oauthbearer.jwks.endpoint.url = null
	sasl.oauthbearer.scope.claim.name = scope
	sasl.oauthbearer.sub.claim.name = sub
	sasl.oauthbearer.token.endpoint.url = null
	security.protocol = PLAINTEXT
	security.providers = null
	send.buffer.bytes = 131072
	session.timeout.ms = 45000
	socket.connection.setup.timeout.max.ms = 30000
	socket.connection.setup.timeout.ms = 10000
	ssl.cipher.suites = null
	ssl.enabled.protocols = [TLSv1.2, TLSv1.3]
	ssl.endpoint.identification.algorithm = https
	ssl.engine.factory.class = null
	ssl.key.password = null
	ssl.keymanager.algorithm = SunX509
	ssl.keystore.certificate.chain = null
	ssl.keystore.key = null
	ssl.keystore.location = null
	ssl.keystore.password = null
	ssl.keystore.type = JKS
	ssl.protocol = TLSv1.3
	ssl.provider = null
	ssl.secure.random.implementation = null
	ssl.trustmanager.algorithm = PKIX
	ssl.truststore.certificates = null
	ssl.truststore.location = null
	ssl.truststore.password = null
	ssl.truststore.type = JKS
	value.deserializer = class org.springframework.kafka.support.serializer.JsonDeserializer

2025-07-09 13:29:30 INFO  [restartedMain] o.a.kafka.common.utils.AppInfoParser - Kafka version: 3.6.0
2025-07-09 13:29:30 INFO  [restartedMain] o.a.kafka.common.utils.AppInfoParser - Kafka commitId: 60e845626d8a465a
2025-07-09 13:29:30 INFO  [restartedMain] o.a.kafka.common.utils.AppInfoParser - Kafka startTimeMs: 1752042570995
2025-07-09 13:29:30 INFO  [restartedMain] o.s.k.c.DefaultKafkaConsumerFactory$ExtendedKafkaConsumer - [Consumer clientId=consumer-evidence-service-case-deleted-9, groupId=evidence-service-case-deleted] Subscribed to topic(s): case.deleted
2025-07-09 13:29:30 INFO  [restartedMain] o.a.k.c.consumer.ConsumerConfig - ConsumerConfig values: 
	allow.auto.create.topics = true
	auto.commit.interval.ms = 5000
	auto.include.jmx.reporter = true
	auto.offset.reset = latest
	bootstrap.servers = [localhost:9092]
	check.crcs = true
	client.dns.lookup = use_all_dns_ips
	client.id = consumer-evidence-service-warrant-assigned-10
	client.rack = 
	connections.max.idle.ms = 540000
	default.api.timeout.ms = 60000
	enable.auto.commit = false
	exclude.internal.topics = true
	fetch.max.bytes = 52428800
	fetch.max.wait.ms = 500
	fetch.min.bytes = 1
	group.id = evidence-service-warrant-assigned
	group.instance.id = null
	heartbeat.interval.ms = 3000
	interceptor.classes = []
	internal.leave.group.on.close = true
	internal.throw.on.fetch.stable.offset.unsupported = false
	isolation.level = read_uncommitted
	key.deserializer = class org.apache.kafka.common.serialization.StringDeserializer
	max.partition.fetch.bytes = 1048576
	max.poll.interval.ms = 300000
	max.poll.records = 500
	metadata.max.age.ms = 300000
	metric.reporters = []
	metrics.num.samples = 2
	metrics.recording.level = INFO
	metrics.sample.window.ms = 30000
	partition.assignment.strategy = [class org.apache.kafka.clients.consumer.RangeAssignor, class org.apache.kafka.clients.consumer.CooperativeStickyAssignor]
	receive.buffer.bytes = 65536
	reconnect.backoff.max.ms = 1000
	reconnect.backoff.ms = 50
	request.timeout.ms = 30000
	retry.backoff.ms = 100
	sasl.client.callback.handler.class = null
	sasl.jaas.config = null
	sasl.kerberos.kinit.cmd = /usr/bin/kinit
	sasl.kerberos.min.time.before.relogin = 60000
	sasl.kerberos.service.name = null
	sasl.kerberos.ticket.renew.jitter = 0.05
	sasl.kerberos.ticket.renew.window.factor = 0.8
	sasl.login.callback.handler.class = null
	sasl.login.class = null
	sasl.login.connect.timeout.ms = null
	sasl.login.read.timeout.ms = null
	sasl.login.refresh.buffer.seconds = 300
	sasl.login.refresh.min.period.seconds = 60
	sasl.login.refresh.window.factor = 0.8
	sasl.login.refresh.window.jitter = 0.05
	sasl.login.retry.backoff.max.ms = 10000
	sasl.login.retry.backoff.ms = 100
	sasl.mechanism = GSSAPI
	sasl.oauthbearer.clock.skew.seconds = 30
	sasl.oauthbearer.expected.audience = null
	sasl.oauthbearer.expected.issuer = null
	sasl.oauthbearer.jwks.endpoint.refresh.ms = 3600000
	sasl.oauthbearer.jwks.endpoint.retry.backoff.max.ms = 10000
	sasl.oauthbearer.jwks.endpoint.retry.backoff.ms = 100
	sasl.oauthbearer.jwks.endpoint.url = null
	sasl.oauthbearer.scope.claim.name = scope
	sasl.oauthbearer.sub.claim.name = sub
	sasl.oauthbearer.token.endpoint.url = null
	security.protocol = PLAINTEXT
	security.providers = null
	send.buffer.bytes = 131072
	session.timeout.ms = 45000
	socket.connection.setup.timeout.max.ms = 30000
	socket.connection.setup.timeout.ms = 10000
	ssl.cipher.suites = null
	ssl.enabled.protocols = [TLSv1.2, TLSv1.3]
	ssl.endpoint.identification.algorithm = https
	ssl.engine.factory.class = null
	ssl.key.password = null
	ssl.keymanager.algorithm = SunX509
	ssl.keystore.certificate.chain = null
	ssl.keystore.key = null
	ssl.keystore.location = null
	ssl.keystore.password = null
	ssl.keystore.type = JKS
	ssl.protocol = TLSv1.3
	ssl.provider = null
	ssl.secure.random.implementation = null
	ssl.trustmanager.algorithm = PKIX
	ssl.truststore.certificates = null
	ssl.truststore.location = null
	ssl.truststore.password = null
	ssl.truststore.type = JKS
	value.deserializer = class org.springframework.kafka.support.serializer.JsonDeserializer

2025-07-09 13:29:31 INFO  [restartedMain] o.a.kafka.common.utils.AppInfoParser - Kafka version: 3.6.0
2025-07-09 13:29:31 INFO  [restartedMain] o.a.kafka.common.utils.AppInfoParser - Kafka commitId: 60e845626d8a465a
2025-07-09 13:29:31 INFO  [restartedMain] o.a.kafka.common.utils.AppInfoParser - Kafka startTimeMs: 1752042571000
2025-07-09 13:29:31 INFO  [restartedMain] o.s.k.c.DefaultKafkaConsumerFactory$ExtendedKafkaConsumer - [Consumer clientId=consumer-evidence-service-warrant-assigned-10, groupId=evidence-service-warrant-assigned] Subscribed to topic(s): warrant.assigned
2025-07-09 13:29:31 INFO  [restartedMain] o.a.k.c.consumer.ConsumerConfig - ConsumerConfig values: 
	allow.auto.create.topics = true
	auto.commit.interval.ms = 5000
	auto.include.jmx.reporter = true
	auto.offset.reset = latest
	bootstrap.servers = [localhost:9092]
	check.crcs = true
	client.dns.lookup = use_all_dns_ips
	client.id = consumer-evidence-service-investigation-assigned-11
	client.rack = 
	connections.max.idle.ms = 540000
	default.api.timeout.ms = 60000
	enable.auto.commit = false
	exclude.internal.topics = true
	fetch.max.bytes = 52428800
	fetch.max.wait.ms = 500
	fetch.min.bytes = 1
	group.id = evidence-service-investigation-assigned
	group.instance.id = null
	heartbeat.interval.ms = 3000
	interceptor.classes = []
	internal.leave.group.on.close = true
	internal.throw.on.fetch.stable.offset.unsupported = false
	isolation.level = read_uncommitted
	key.deserializer = class org.apache.kafka.common.serialization.StringDeserializer
	max.partition.fetch.bytes = 1048576
	max.poll.interval.ms = 300000
	max.poll.records = 500
	metadata.max.age.ms = 300000
	metric.reporters = []
	metrics.num.samples = 2
	metrics.recording.level = INFO
	metrics.sample.window.ms = 30000
	partition.assignment.strategy = [class org.apache.kafka.clients.consumer.RangeAssignor, class org.apache.kafka.clients.consumer.CooperativeStickyAssignor]
	receive.buffer.bytes = 65536
	reconnect.backoff.max.ms = 1000
	reconnect.backoff.ms = 50
	request.timeout.ms = 30000
	retry.backoff.ms = 100
	sasl.client.callback.handler.class = null
	sasl.jaas.config = null
	sasl.kerberos.kinit.cmd = /usr/bin/kinit
	sasl.kerberos.min.time.before.relogin = 60000
	sasl.kerberos.service.name = null
	sasl.kerberos.ticket.renew.jitter = 0.05
	sasl.kerberos.ticket.renew.window.factor = 0.8
	sasl.login.callback.handler.class = null
	sasl.login.class = null
	sasl.login.connect.timeout.ms = null
	sasl.login.read.timeout.ms = null
	sasl.login.refresh.buffer.seconds = 300
	sasl.login.refresh.min.period.seconds = 60
	sasl.login.refresh.window.factor = 0.8
	sasl.login.refresh.window.jitter = 0.05
	sasl.login.retry.backoff.max.ms = 10000
	sasl.login.retry.backoff.ms = 100
	sasl.mechanism = GSSAPI
	sasl.oauthbearer.clock.skew.seconds = 30
	sasl.oauthbearer.expected.audience = null
	sasl.oauthbearer.expected.issuer = null
	sasl.oauthbearer.jwks.endpoint.refresh.ms = 3600000
	sasl.oauthbearer.jwks.endpoint.retry.backoff.max.ms = 10000
	sasl.oauthbearer.jwks.endpoint.retry.backoff.ms = 100
	sasl.oauthbearer.jwks.endpoint.url = null
	sasl.oauthbearer.scope.claim.name = scope
	sasl.oauthbearer.sub.claim.name = sub
	sasl.oauthbearer.token.endpoint.url = null
	security.protocol = PLAINTEXT
	security.providers = null
	send.buffer.bytes = 131072
	session.timeout.ms = 45000
	socket.connection.setup.timeout.max.ms = 30000
	socket.connection.setup.timeout.ms = 10000
	ssl.cipher.suites = null
	ssl.enabled.protocols = [TLSv1.2, TLSv1.3]
	ssl.endpoint.identification.algorithm = https
	ssl.engine.factory.class = null
	ssl.key.password = null
	ssl.keymanager.algorithm = SunX509
	ssl.keystore.certificate.chain = null
	ssl.keystore.key = null
	ssl.keystore.location = null
	ssl.keystore.password = null
	ssl.keystore.type = JKS
	ssl.protocol = TLSv1.3
	ssl.provider = null
	ssl.secure.random.implementation = null
	ssl.trustmanager.algorithm = PKIX
	ssl.truststore.certificates = null
	ssl.truststore.location = null
	ssl.truststore.password = null
	ssl.truststore.type = JKS
	value.deserializer = class org.springframework.kafka.support.serializer.JsonDeserializer

2025-07-09 13:29:31 INFO  [restartedMain] o.a.kafka.common.utils.AppInfoParser - Kafka version: 3.6.0
2025-07-09 13:29:31 INFO  [restartedMain] o.a.kafka.common.utils.AppInfoParser - Kafka commitId: 60e845626d8a465a
2025-07-09 13:29:31 INFO  [restartedMain] o.a.kafka.common.utils.AppInfoParser - Kafka startTimeMs: 1752042571005
2025-07-09 13:29:31 INFO  [restartedMain] o.s.k.c.DefaultKafkaConsumerFactory$ExtendedKafkaConsumer - [Consumer clientId=consumer-evidence-service-investigation-assigned-11, groupId=evidence-service-investigation-assigned] Subscribed to topic(s): investigation.assigned
2025-07-09 13:29:31 INFO  [restartedMain] o.a.k.c.consumer.ConsumerConfig - ConsumerConfig values: 
	allow.auto.create.topics = true
	auto.commit.interval.ms = 5000
	auto.include.jmx.reporter = true
	auto.offset.reset = latest
	bootstrap.servers = [localhost:9092]
	check.crcs = true
	client.dns.lookup = use_all_dns_ips
	client.id = consumer-evidence-service-case-assigned-12
	client.rack = 
	connections.max.idle.ms = 540000
	default.api.timeout.ms = 60000
	enable.auto.commit = false
	exclude.internal.topics = true
	fetch.max.bytes = 52428800
	fetch.max.wait.ms = 500
	fetch.min.bytes = 1
	group.id = evidence-service-case-assigned
	group.instance.id = null
	heartbeat.interval.ms = 3000
	interceptor.classes = []
	internal.leave.group.on.close = true
	internal.throw.on.fetch.stable.offset.unsupported = false
	isolation.level = read_uncommitted
	key.deserializer = class org.apache.kafka.common.serialization.StringDeserializer
	max.partition.fetch.bytes = 1048576
	max.poll.interval.ms = 300000
	max.poll.records = 500
	metadata.max.age.ms = 300000
	metric.reporters = []
	metrics.num.samples = 2
	metrics.recording.level = INFO
	metrics.sample.window.ms = 30000
	partition.assignment.strategy = [class org.apache.kafka.clients.consumer.RangeAssignor, class org.apache.kafka.clients.consumer.CooperativeStickyAssignor]
	receive.buffer.bytes = 65536
	reconnect.backoff.max.ms = 1000
	reconnect.backoff.ms = 50
	request.timeout.ms = 30000
	retry.backoff.ms = 100
	sasl.client.callback.handler.class = null
	sasl.jaas.config = null
	sasl.kerberos.kinit.cmd = /usr/bin/kinit
	sasl.kerberos.min.time.before.relogin = 60000
	sasl.kerberos.service.name = null
	sasl.kerberos.ticket.renew.jitter = 0.05
	sasl.kerberos.ticket.renew.window.factor = 0.8
	sasl.login.callback.handler.class = null
	sasl.login.class = null
	sasl.login.connect.timeout.ms = null
	sasl.login.read.timeout.ms = null
	sasl.login.refresh.buffer.seconds = 300
	sasl.login.refresh.min.period.seconds = 60
	sasl.login.refresh.window.factor = 0.8
	sasl.login.refresh.window.jitter = 0.05
	sasl.login.retry.backoff.max.ms = 10000
	sasl.login.retry.backoff.ms = 100
	sasl.mechanism = GSSAPI
	sasl.oauthbearer.clock.skew.seconds = 30
	sasl.oauthbearer.expected.audience = null
	sasl.oauthbearer.expected.issuer = null
	sasl.oauthbearer.jwks.endpoint.refresh.ms = 3600000
	sasl.oauthbearer.jwks.endpoint.retry.backoff.max.ms = 10000
	sasl.oauthbearer.jwks.endpoint.retry.backoff.ms = 100
	sasl.oauthbearer.jwks.endpoint.url = null
	sasl.oauthbearer.scope.claim.name = scope
	sasl.oauthbearer.sub.claim.name = sub
	sasl.oauthbearer.token.endpoint.url = null
	security.protocol = PLAINTEXT
	security.providers = null
	send.buffer.bytes = 131072
	session.timeout.ms = 45000
	socket.connection.setup.timeout.max.ms = 30000
	socket.connection.setup.timeout.ms = 10000
	ssl.cipher.suites = null
	ssl.enabled.protocols = [TLSv1.2, TLSv1.3]
	ssl.endpoint.identification.algorithm = https
	ssl.engine.factory.class = null
	ssl.key.password = null
	ssl.keymanager.algorithm = SunX509
	ssl.keystore.certificate.chain = null
	ssl.keystore.key = null
	ssl.keystore.location = null
	ssl.keystore.password = null
	ssl.keystore.type = JKS
	ssl.protocol = TLSv1.3
	ssl.provider = null
	ssl.secure.random.implementation = null
	ssl.trustmanager.algorithm = PKIX
	ssl.truststore.certificates = null
	ssl.truststore.location = null
	ssl.truststore.password = null
	ssl.truststore.type = JKS
	value.deserializer = class org.springframework.kafka.support.serializer.JsonDeserializer

2025-07-09 13:29:31 INFO  [restartedMain] o.a.kafka.common.utils.AppInfoParser - Kafka version: 3.6.0
2025-07-09 13:29:31 INFO  [restartedMain] o.a.kafka.common.utils.AppInfoParser - Kafka commitId: 60e845626d8a465a
2025-07-09 13:29:31 INFO  [restartedMain] o.a.kafka.common.utils.AppInfoParser - Kafka startTimeMs: 1752042571009
2025-07-09 13:29:31 INFO  [restartedMain] o.s.k.c.DefaultKafkaConsumerFactory$ExtendedKafkaConsumer - [Consumer clientId=consumer-evidence-service-case-assigned-12, groupId=evidence-service-case-assigned] Subscribed to topic(s): evidence.case-assigned
2025-07-09 13:29:31 INFO  [restartedMain] c.E.EvidenceServiceApplication - Started EvidenceServiceApplication in 9.437 seconds (process running for 10.104)
2025-07-09 13:29:31 INFO  [org.springframework.kafka.KafkaListenerEndpointContainer#9-0-C-1] org.apache.kafka.clients.Metadata - [Consumer clientId=consumer-evidence-service-case-created-4, groupId=evidence-service-case-created] Cluster ID: NgsKpQG_S0WVpfWxufSCtw
2025-07-09 13:29:31 INFO  [org.springframework.kafka.KafkaListenerEndpointContainer#10-0-C-1] org.apache.kafka.clients.Metadata - [Consumer clientId=consumer-evidence-service-case-assigned-12, groupId=evidence-service-case-assigned] Cluster ID: NgsKpQG_S0WVpfWxufSCtw
2025-07-09 13:29:31 INFO  [org.springframework.kafka.KafkaListenerEndpointContainer#2-0-C-1] org.apache.kafka.clients.Metadata - [Consumer clientId=consumer-evidence-service-analysis-5, groupId=evidence-service-analysis] Cluster ID: NgsKpQG_S0WVpfWxufSCtw
2025-07-09 13:29:31 INFO  [org.springframework.kafka.KafkaListenerEndpointContainer#7-0-C-1] org.apache.kafka.clients.Metadata - [Consumer clientId=consumer-evidence-service-warrant-deleted-2, groupId=evidence-service-warrant-deleted] Cluster ID: NgsKpQG_S0WVpfWxufSCtw
2025-07-09 13:29:31 INFO  [org.springframework.kafka.KafkaListenerEndpointContainer#8-0-C-1] org.apache.kafka.clients.Metadata - [Consumer clientId=consumer-evidence-service-report-created-3, groupId=evidence-service-report-created] Cluster ID: NgsKpQG_S0WVpfWxufSCtw
2025-07-09 13:29:31 INFO  [org.springframework.kafka.KafkaListenerEndpointContainer#4-0-C-1] org.apache.kafka.clients.Metadata - [Consumer clientId=consumer-evidence-service-suspect-deleted-7, groupId=evidence-service-suspect-deleted] Cluster ID: NgsKpQG_S0WVpfWxufSCtw
2025-07-09 13:29:31 INFO  [org.springframework.kafka.KafkaListenerEndpointContainer#0-0-C-1] org.apache.kafka.clients.Metadata - [Consumer clientId=consumer-evidence-service-warrant-assigned-10, groupId=evidence-service-warrant-assigned] Cluster ID: NgsKpQG_S0WVpfWxufSCtw
2025-07-09 13:29:31 INFO  [org.springframework.kafka.KafkaListenerEndpointContainer#11-0-C-1] org.apache.kafka.clients.Metadata - [Consumer clientId=consumer-evidence-service-case-deleted-9, groupId=evidence-service-case-deleted] Cluster ID: NgsKpQG_S0WVpfWxufSCtw
2025-07-09 13:29:31 INFO  [org.springframework.kafka.KafkaListenerEndpointContainer#5-0-C-1] org.apache.kafka.clients.Metadata - [Consumer clientId=consumer-evidence-service-suspect-assigned-8, groupId=evidence-service-suspect-assigned] Cluster ID: NgsKpQG_S0WVpfWxufSCtw
2025-07-09 13:29:31 INFO  [org.springframework.kafka.KafkaListenerEndpointContainer#6-0-C-1] org.apache.kafka.clients.Metadata - [Consumer clientId=consumer-evidence-service-report-deleted-1, groupId=evidence-service-report-deleted] Cluster ID: NgsKpQG_S0WVpfWxufSCtw
2025-07-09 13:29:31 INFO  [org.springframework.kafka.KafkaListenerEndpointContainer#0-0-C-1] o.a.k.c.c.i.ConsumerCoordinator - [Consumer clientId=consumer-evidence-service-warrant-assigned-10, groupId=evidence-service-warrant-assigned] Discovered group coordinator 192.168.1.18:9092 (id: 2147483646 rack: null)
2025-07-09 13:29:31 INFO  [org.springframework.kafka.KafkaListenerEndpointContainer#11-0-C-1] o.a.k.c.c.i.ConsumerCoordinator - [Consumer clientId=consumer-evidence-service-case-deleted-9, groupId=evidence-service-case-deleted] Discovered group coordinator 192.168.1.18:9092 (id: 2147483646 rack: null)
2025-07-09 13:29:31 INFO  [org.springframework.kafka.KafkaListenerEndpointContainer#10-0-C-1] o.a.k.c.c.i.ConsumerCoordinator - [Consumer clientId=consumer-evidence-service-case-assigned-12, groupId=evidence-service-case-assigned] Discovered group coordinator 192.168.1.18:9092 (id: 2147483646 rack: null)
2025-07-09 13:29:31 INFO  [org.springframework.kafka.KafkaListenerEndpointContainer#2-0-C-1] o.a.k.c.c.i.ConsumerCoordinator - [Consumer clientId=consumer-evidence-service-analysis-5, groupId=evidence-service-analysis] Discovered group coordinator 192.168.1.18:9092 (id: 2147483646 rack: null)
2025-07-09 13:29:31 INFO  [org.springframework.kafka.KafkaListenerEndpointContainer#8-0-C-1] o.a.k.c.c.i.ConsumerCoordinator - [Consumer clientId=consumer-evidence-service-report-created-3, groupId=evidence-service-report-created] Discovered group coordinator 192.168.1.18:9092 (id: 2147483646 rack: null)
2025-07-09 13:29:31 INFO  [org.springframework.kafka.KafkaListenerEndpointContainer#7-0-C-1] o.a.k.c.c.i.ConsumerCoordinator - [Consumer clientId=consumer-evidence-service-warrant-deleted-2, groupId=evidence-service-warrant-deleted] Discovered group coordinator 192.168.1.18:9092 (id: 2147483646 rack: null)
2025-07-09 13:29:31 INFO  [org.springframework.kafka.KafkaListenerEndpointContainer#4-0-C-1] o.a.k.c.c.i.ConsumerCoordinator - [Consumer clientId=consumer-evidence-service-suspect-deleted-7, groupId=evidence-service-suspect-deleted] Discovered group coordinator 192.168.1.18:9092 (id: 2147483646 rack: null)
2025-07-09 13:29:31 INFO  [org.springframework.kafka.KafkaListenerEndpointContainer#5-0-C-1] o.a.k.c.c.i.ConsumerCoordinator - [Consumer clientId=consumer-evidence-service-suspect-assigned-8, groupId=evidence-service-suspect-assigned] Discovered group coordinator 192.168.1.18:9092 (id: 2147483646 rack: null)
2025-07-09 13:29:31 INFO  [org.springframework.kafka.KafkaListenerEndpointContainer#9-0-C-1] o.a.k.c.c.i.ConsumerCoordinator - [Consumer clientId=consumer-evidence-service-case-created-4, groupId=evidence-service-case-created] Discovered group coordinator 192.168.1.18:9092 (id: 2147483646 rack: null)
2025-07-09 13:29:31 INFO  [org.springframework.kafka.KafkaListenerEndpointContainer#6-0-C-1] o.a.k.c.c.i.ConsumerCoordinator - [Consumer clientId=consumer-evidence-service-report-deleted-1, groupId=evidence-service-report-deleted] Discovered group coordinator 192.168.1.18:9092 (id: 2147483646 rack: null)
2025-07-09 13:29:31 INFO  [org.springframework.kafka.KafkaListenerEndpointContainer#9-0-C-1] o.a.k.c.c.i.ConsumerCoordinator - [Consumer clientId=consumer-evidence-service-case-created-4, groupId=evidence-service-case-created] (Re-)joining group
2025-07-09 13:29:31 INFO  [org.springframework.kafka.KafkaListenerEndpointContainer#10-0-C-1] o.a.k.c.c.i.ConsumerCoordinator - [Consumer clientId=consumer-evidence-service-case-assigned-12, groupId=evidence-service-case-assigned] (Re-)joining group
2025-07-09 13:29:31 INFO  [org.springframework.kafka.KafkaListenerEndpointContainer#0-0-C-1] o.a.k.c.c.i.ConsumerCoordinator - [Consumer clientId=consumer-evidence-service-warrant-assigned-10, groupId=evidence-service-warrant-assigned] (Re-)joining group
2025-07-09 13:29:31 INFO  [org.springframework.kafka.KafkaListenerEndpointContainer#11-0-C-1] o.a.k.c.c.i.ConsumerCoordinator - [Consumer clientId=consumer-evidence-service-case-deleted-9, groupId=evidence-service-case-deleted] (Re-)joining group
2025-07-09 13:29:31 INFO  [org.springframework.kafka.KafkaListenerEndpointContainer#2-0-C-1] o.a.k.c.c.i.ConsumerCoordinator - [Consumer clientId=consumer-evidence-service-analysis-5, groupId=evidence-service-analysis] (Re-)joining group
2025-07-09 13:29:31 INFO  [org.springframework.kafka.KafkaListenerEndpointContainer#7-0-C-1] o.a.k.c.c.i.ConsumerCoordinator - [Consumer clientId=consumer-evidence-service-warrant-deleted-2, groupId=evidence-service-warrant-deleted] (Re-)joining group
2025-07-09 13:29:31 INFO  [org.springframework.kafka.KafkaListenerEndpointContainer#8-0-C-1] o.a.k.c.c.i.ConsumerCoordinator - [Consumer clientId=consumer-evidence-service-report-created-3, groupId=evidence-service-report-created] (Re-)joining group
2025-07-09 13:29:31 INFO  [org.springframework.kafka.KafkaListenerEndpointContainer#6-0-C-1] o.a.k.c.c.i.ConsumerCoordinator - [Consumer clientId=consumer-evidence-service-report-deleted-1, groupId=evidence-service-report-deleted] (Re-)joining group
2025-07-09 13:29:31 INFO  [org.springframework.kafka.KafkaListenerEndpointContainer#5-0-C-1] o.a.k.c.c.i.ConsumerCoordinator - [Consumer clientId=consumer-evidence-service-suspect-assigned-8, groupId=evidence-service-suspect-assigned] (Re-)joining group
2025-07-09 13:29:31 INFO  [org.springframework.kafka.KafkaListenerEndpointContainer#4-0-C-1] o.a.k.c.c.i.ConsumerCoordinator - [Consumer clientId=consumer-evidence-service-suspect-deleted-7, groupId=evidence-service-suspect-deleted] (Re-)joining group
2025-07-09 13:29:31 INFO  [org.springframework.kafka.KafkaListenerEndpointContainer#0-0-C-1] o.a.k.c.c.i.ConsumerCoordinator - [Consumer clientId=consumer-evidence-service-warrant-assigned-10, groupId=evidence-service-warrant-assigned] Request joining group due to: need to re-join with the given member-id: consumer-evidence-service-warrant-assigned-10-6df96e95-0764-40e0-9b14-9e070f71c05a
2025-07-09 13:29:31 INFO  [org.springframework.kafka.KafkaListenerEndpointContainer#2-0-C-1] o.a.k.c.c.i.ConsumerCoordinator - [Consumer clientId=consumer-evidence-service-analysis-5, groupId=evidence-service-analysis] Request joining group due to: need to re-join with the given member-id: consumer-evidence-service-analysis-5-cec7baec-5d91-401c-8e39-3289eb42363c
2025-07-09 13:29:31 INFO  [org.springframework.kafka.KafkaListenerEndpointContainer#4-0-C-1] o.a.k.c.c.i.ConsumerCoordinator - [Consumer clientId=consumer-evidence-service-suspect-deleted-7, groupId=evidence-service-suspect-deleted] Request joining group due to: need to re-join with the given member-id: consumer-evidence-service-suspect-deleted-7-c5a304f8-6893-4846-b6a3-95c43ea56d8c
2025-07-09 13:29:31 INFO  [org.springframework.kafka.KafkaListenerEndpointContainer#9-0-C-1] o.a.k.c.c.i.ConsumerCoordinator - [Consumer clientId=consumer-evidence-service-case-created-4, groupId=evidence-service-case-created] Request joining group due to: need to re-join with the given member-id: consumer-evidence-service-case-created-4-a8f8ac36-d6ce-4f8e-9f23-d622f17a9975
2025-07-09 13:29:31 INFO  [org.springframework.kafka.KafkaListenerEndpointContainer#8-0-C-1] o.a.k.c.c.i.ConsumerCoordinator - [Consumer clientId=consumer-evidence-service-report-created-3, groupId=evidence-service-report-created] Request joining group due to: need to re-join with the given member-id: consumer-evidence-service-report-created-3-806ed44d-2051-4305-a3f2-164381e8ac0e
2025-07-09 13:29:31 INFO  [org.springframework.kafka.KafkaListenerEndpointContainer#7-0-C-1] o.a.k.c.c.i.ConsumerCoordinator - [Consumer clientId=consumer-evidence-service-warrant-deleted-2, groupId=evidence-service-warrant-deleted] Request joining group due to: need to re-join with the given member-id: consumer-evidence-service-warrant-deleted-2-2a0f387e-4df1-42d7-a475-56bfd85c7ba2
2025-07-09 13:29:31 INFO  [org.springframework.kafka.KafkaListenerEndpointContainer#0-0-C-1] o.a.k.c.c.i.ConsumerCoordinator - [Consumer clientId=consumer-evidence-service-warrant-assigned-10, groupId=evidence-service-warrant-assigned] Request joining group due to: rebalance failed due to 'The group member needs to have a valid member id before actually entering a consumer group.' (MemberIdRequiredException)
2025-07-09 13:29:31 INFO  [org.springframework.kafka.KafkaListenerEndpointContainer#4-0-C-1] o.a.k.c.c.i.ConsumerCoordinator - [Consumer clientId=consumer-evidence-service-suspect-deleted-7, groupId=evidence-service-suspect-deleted] Request joining group due to: rebalance failed due to 'The group member needs to have a valid member id before actually entering a consumer group.' (MemberIdRequiredException)
2025-07-09 13:29:31 INFO  [org.springframework.kafka.KafkaListenerEndpointContainer#9-0-C-1] o.a.k.c.c.i.ConsumerCoordinator - [Consumer clientId=consumer-evidence-service-case-created-4, groupId=evidence-service-case-created] Request joining group due to: rebalance failed due to 'The group member needs to have a valid member id before actually entering a consumer group.' (MemberIdRequiredException)
2025-07-09 13:29:31 INFO  [org.springframework.kafka.KafkaListenerEndpointContainer#2-0-C-1] o.a.k.c.c.i.ConsumerCoordinator - [Consumer clientId=consumer-evidence-service-analysis-5, groupId=evidence-service-analysis] Request joining group due to: rebalance failed due to 'The group member needs to have a valid member id before actually entering a consumer group.' (MemberIdRequiredException)
2025-07-09 13:29:31 INFO  [org.springframework.kafka.KafkaListenerEndpointContainer#7-0-C-1] o.a.k.c.c.i.ConsumerCoordinator - [Consumer clientId=consumer-evidence-service-warrant-deleted-2, groupId=evidence-service-warrant-deleted] Request joining group due to: rebalance failed due to 'The group member needs to have a valid member id before actually entering a consumer group.' (MemberIdRequiredException)
2025-07-09 13:29:31 INFO  [org.springframework.kafka.KafkaListenerEndpointContainer#0-0-C-1] o.a.k.c.c.i.ConsumerCoordinator - [Consumer clientId=consumer-evidence-service-warrant-assigned-10, groupId=evidence-service-warrant-assigned] (Re-)joining group
2025-07-09 13:29:31 INFO  [org.springframework.kafka.KafkaListenerEndpointContainer#4-0-C-1] o.a.k.c.c.i.ConsumerCoordinator - [Consumer clientId=consumer-evidence-service-suspect-deleted-7, groupId=evidence-service-suspect-deleted] (Re-)joining group
2025-07-09 13:29:31 INFO  [org.springframework.kafka.KafkaListenerEndpointContainer#2-0-C-1] o.a.k.c.c.i.ConsumerCoordinator - [Consumer clientId=consumer-evidence-service-analysis-5, groupId=evidence-service-analysis] (Re-)joining group
2025-07-09 13:29:31 INFO  [org.springframework.kafka.KafkaListenerEndpointContainer#7-0-C-1] o.a.k.c.c.i.ConsumerCoordinator - [Consumer clientId=consumer-evidence-service-warrant-deleted-2, groupId=evidence-service-warrant-deleted] (Re-)joining group
2025-07-09 13:29:31 INFO  [org.springframework.kafka.KafkaListenerEndpointContainer#9-0-C-1] o.a.k.c.c.i.ConsumerCoordinator - [Consumer clientId=consumer-evidence-service-case-created-4, groupId=evidence-service-case-created] (Re-)joining group
2025-07-09 13:29:31 INFO  [org.springframework.kafka.KafkaListenerEndpointContainer#8-0-C-1] o.a.k.c.c.i.ConsumerCoordinator - [Consumer clientId=consumer-evidence-service-report-created-3, groupId=evidence-service-report-created] Request joining group due to: rebalance failed due to 'The group member needs to have a valid member id before actually entering a consumer group.' (MemberIdRequiredException)
2025-07-09 13:29:31 INFO  [org.springframework.kafka.KafkaListenerEndpointContainer#8-0-C-1] o.a.k.c.c.i.ConsumerCoordinator - [Consumer clientId=consumer-evidence-service-report-created-3, groupId=evidence-service-report-created] (Re-)joining group
2025-07-09 13:29:31 INFO  [org.springframework.kafka.KafkaListenerEndpointContainer#5-0-C-1] o.a.k.c.c.i.ConsumerCoordinator - [Consumer clientId=consumer-evidence-service-suspect-assigned-8, groupId=evidence-service-suspect-assigned] Request joining group due to: need to re-join with the given member-id: consumer-evidence-service-suspect-assigned-8-57d5e8b6-2922-45fd-9f0a-71de27c3e9b2
2025-07-09 13:29:31 INFO  [org.springframework.kafka.KafkaListenerEndpointContainer#10-0-C-1] o.a.k.c.c.i.ConsumerCoordinator - [Consumer clientId=consumer-evidence-service-case-assigned-12, groupId=evidence-service-case-assigned] Request joining group due to: need to re-join with the given member-id: consumer-evidence-service-case-assigned-12-022dad3c-7c82-48d0-8b91-9f8c82ef09b0
2025-07-09 13:29:31 INFO  [org.springframework.kafka.KafkaListenerEndpointContainer#11-0-C-1] o.a.k.c.c.i.ConsumerCoordinator - [Consumer clientId=consumer-evidence-service-case-deleted-9, groupId=evidence-service-case-deleted] Request joining group due to: need to re-join with the given member-id: consumer-evidence-service-case-deleted-9-b73b9152-c396-4c30-a696-451e1c862276
2025-07-09 13:29:31 INFO  [org.springframework.kafka.KafkaListenerEndpointContainer#6-0-C-1] o.a.k.c.c.i.ConsumerCoordinator - [Consumer clientId=consumer-evidence-service-report-deleted-1, groupId=evidence-service-report-deleted] Request joining group due to: need to re-join with the given member-id: consumer-evidence-service-report-deleted-1-31aafc99-5332-488e-a9a3-0ced9bbd27ba
2025-07-09 13:29:31 INFO  [org.springframework.kafka.KafkaListenerEndpointContainer#5-0-C-1] o.a.k.c.c.i.ConsumerCoordinator - [Consumer clientId=consumer-evidence-service-suspect-assigned-8, groupId=evidence-service-suspect-assigned] Request joining group due to: rebalance failed due to 'The group member needs to have a valid member id before actually entering a consumer group.' (MemberIdRequiredException)
2025-07-09 13:29:31 INFO  [org.springframework.kafka.KafkaListenerEndpointContainer#10-0-C-1] o.a.k.c.c.i.ConsumerCoordinator - [Consumer clientId=consumer-evidence-service-case-assigned-12, groupId=evidence-service-case-assigned] Request joining group due to: rebalance failed due to 'The group member needs to have a valid member id before actually entering a consumer group.' (MemberIdRequiredException)
2025-07-09 13:29:31 INFO  [org.springframework.kafka.KafkaListenerEndpointContainer#5-0-C-1] o.a.k.c.c.i.ConsumerCoordinator - [Consumer clientId=consumer-evidence-service-suspect-assigned-8, groupId=evidence-service-suspect-assigned] (Re-)joining group
2025-07-09 13:29:31 INFO  [org.springframework.kafka.KafkaListenerEndpointContainer#11-0-C-1] o.a.k.c.c.i.ConsumerCoordinator - [Consumer clientId=consumer-evidence-service-case-deleted-9, groupId=evidence-service-case-deleted] Request joining group due to: rebalance failed due to 'The group member needs to have a valid member id before actually entering a consumer group.' (MemberIdRequiredException)
2025-07-09 13:29:31 INFO  [org.springframework.kafka.KafkaListenerEndpointContainer#10-0-C-1] o.a.k.c.c.i.ConsumerCoordinator - [Consumer clientId=consumer-evidence-service-case-assigned-12, groupId=evidence-service-case-assigned] (Re-)joining group
2025-07-09 13:29:31 INFO  [org.springframework.kafka.KafkaListenerEndpointContainer#11-0-C-1] o.a.k.c.c.i.ConsumerCoordinator - [Consumer clientId=consumer-evidence-service-case-deleted-9, groupId=evidence-service-case-deleted] (Re-)joining group
2025-07-09 13:29:31 INFO  [org.springframework.kafka.KafkaListenerEndpointContainer#6-0-C-1] o.a.k.c.c.i.ConsumerCoordinator - [Consumer clientId=consumer-evidence-service-report-deleted-1, groupId=evidence-service-report-deleted] Request joining group due to: rebalance failed due to 'The group member needs to have a valid member id before actually entering a consumer group.' (MemberIdRequiredException)
2025-07-09 13:29:31 INFO  [org.springframework.kafka.KafkaListenerEndpointContainer#6-0-C-1] o.a.k.c.c.i.ConsumerCoordinator - [Consumer clientId=consumer-evidence-service-report-deleted-1, groupId=evidence-service-report-deleted] (Re-)joining group
2025-07-09 13:29:31 WARN  [org.springframework.kafka.KafkaListenerEndpointContainer#3-0-C-1] o.apache.kafka.clients.NetworkClient - [Consumer clientId=consumer-evidence-service-investigation-deleted-6, groupId=evidence-service-investigation-deleted] Error while fetching metadata with correlation id 2 : {investigation.deleted=LEADER_NOT_AVAILABLE}
2025-07-09 13:29:31 WARN  [org.springframework.kafka.KafkaListenerEndpointContainer#1-0-C-1] o.apache.kafka.clients.NetworkClient - [Consumer clientId=consumer-evidence-service-investigation-assigned-11, groupId=evidence-service-investigation-assigned] Error while fetching metadata with correlation id 2 : {investigation.assigned=LEADER_NOT_AVAILABLE}
2025-07-09 13:29:31 INFO  [org.springframework.kafka.KafkaListenerEndpointContainer#3-0-C-1] org.apache.kafka.clients.Metadata - [Consumer clientId=consumer-evidence-service-investigation-deleted-6, groupId=evidence-service-investigation-deleted] Cluster ID: NgsKpQG_S0WVpfWxufSCtw
2025-07-09 13:29:31 INFO  [org.springframework.kafka.KafkaListenerEndpointContainer#1-0-C-1] org.apache.kafka.clients.Metadata - [Consumer clientId=consumer-evidence-service-investigation-assigned-11, groupId=evidence-service-investigation-assigned] Cluster ID: NgsKpQG_S0WVpfWxufSCtw
2025-07-09 13:29:31 INFO  [org.springframework.kafka.KafkaListenerEndpointContainer#3-0-C-1] o.a.k.c.c.i.ConsumerCoordinator - [Consumer clientId=consumer-evidence-service-investigation-deleted-6, groupId=evidence-service-investigation-deleted] Discovered group coordinator 192.168.1.18:9092 (id: 2147483646 rack: null)
2025-07-09 13:29:31 INFO  [org.springframework.kafka.KafkaListenerEndpointContainer#1-0-C-1] o.a.k.c.c.i.ConsumerCoordinator - [Consumer clientId=consumer-evidence-service-investigation-assigned-11, groupId=evidence-service-investigation-assigned] Discovered group coordinator 192.168.1.18:9092 (id: 2147483646 rack: null)
2025-07-09 13:29:31 INFO  [org.springframework.kafka.KafkaListenerEndpointContainer#3-0-C-1] o.a.k.c.c.i.ConsumerCoordinator - [Consumer clientId=consumer-evidence-service-investigation-deleted-6, groupId=evidence-service-investigation-deleted] (Re-)joining group
2025-07-09 13:29:31 INFO  [org.springframework.kafka.KafkaListenerEndpointContainer#1-0-C-1] o.a.k.c.c.i.ConsumerCoordinator - [Consumer clientId=consumer-evidence-service-investigation-assigned-11, groupId=evidence-service-investigation-assigned] (Re-)joining group
2025-07-09 13:29:31 INFO  [org.springframework.kafka.KafkaListenerEndpointContainer#3-0-C-1] o.a.k.c.c.i.ConsumerCoordinator - [Consumer clientId=consumer-evidence-service-investigation-deleted-6, groupId=evidence-service-investigation-deleted] Request joining group due to: need to re-join with the given member-id: consumer-evidence-service-investigation-deleted-6-4e82e82f-b867-4e47-972f-3256740ea2b2
2025-07-09 13:29:31 INFO  [org.springframework.kafka.KafkaListenerEndpointContainer#1-0-C-1] o.a.k.c.c.i.ConsumerCoordinator - [Consumer clientId=consumer-evidence-service-investigation-assigned-11, groupId=evidence-service-investigation-assigned] Request joining group due to: need to re-join with the given member-id: consumer-evidence-service-investigation-assigned-11-fe851f56-f7cb-42a3-af3f-d179271dfe8b
2025-07-09 13:29:31 INFO  [org.springframework.kafka.KafkaListenerEndpointContainer#3-0-C-1] o.a.k.c.c.i.ConsumerCoordinator - [Consumer clientId=consumer-evidence-service-investigation-deleted-6, groupId=evidence-service-investigation-deleted] Request joining group due to: rebalance failed due to 'The group member needs to have a valid member id before actually entering a consumer group.' (MemberIdRequiredException)
2025-07-09 13:29:31 INFO  [org.springframework.kafka.KafkaListenerEndpointContainer#3-0-C-1] o.a.k.c.c.i.ConsumerCoordinator - [Consumer clientId=consumer-evidence-service-investigation-deleted-6, groupId=evidence-service-investigation-deleted] (Re-)joining group
2025-07-09 13:29:31 INFO  [org.springframework.kafka.KafkaListenerEndpointContainer#1-0-C-1] o.a.k.c.c.i.ConsumerCoordinator - [Consumer clientId=consumer-evidence-service-investigation-assigned-11, groupId=evidence-service-investigation-assigned] Request joining group due to: rebalance failed due to 'The group member needs to have a valid member id before actually entering a consumer group.' (MemberIdRequiredException)
2025-07-09 13:29:31 INFO  [org.springframework.kafka.KafkaListenerEndpointContainer#1-0-C-1] o.a.k.c.c.i.ConsumerCoordinator - [Consumer clientId=consumer-evidence-service-investigation-assigned-11, groupId=evidence-service-investigation-assigned] (Re-)joining group
2025-07-09 13:29:31 WARN  [org.springframework.kafka.KafkaListenerEndpointContainer#1-0-C-1] o.apache.kafka.clients.NetworkClient - [Consumer clientId=consumer-evidence-service-investigation-assigned-11, groupId=evidence-service-investigation-assigned] Error while fetching metadata with correlation id 7 : {investigation.assigned=LEADER_NOT_AVAILABLE}
2025-07-09 13:29:31 WARN  [org.springframework.kafka.KafkaListenerEndpointContainer#3-0-C-1] o.apache.kafka.clients.NetworkClient - [Consumer clientId=consumer-evidence-service-investigation-deleted-6, groupId=evidence-service-investigation-deleted] Error while fetching metadata with correlation id 7 : {investigation.deleted=LEADER_NOT_AVAILABLE}
2025-07-09 13:29:31 WARN  [org.springframework.kafka.KafkaListenerEndpointContainer#3-0-C-1] o.apache.kafka.clients.NetworkClient - [Consumer clientId=consumer-evidence-service-investigation-deleted-6, groupId=evidence-service-investigation-deleted] Error while fetching metadata with correlation id 8 : {investigation.deleted=LEADER_NOT_AVAILABLE}
2025-07-09 13:29:31 WARN  [org.springframework.kafka.KafkaListenerEndpointContainer#1-0-C-1] o.apache.kafka.clients.NetworkClient - [Consumer clientId=consumer-evidence-service-investigation-assigned-11, groupId=evidence-service-investigation-assigned] Error while fetching metadata with correlation id 8 : {investigation.assigned=LEADER_NOT_AVAILABLE}
2025-07-09 13:29:34 INFO  [org.springframework.kafka.KafkaListenerEndpointContainer#7-0-C-1] o.a.k.c.c.i.ConsumerCoordinator - [Consumer clientId=consumer-evidence-service-warrant-deleted-2, groupId=evidence-service-warrant-deleted] Member consumer-evidence-service-warrant-deleted-2-2a0f387e-4df1-42d7-a475-56bfd85c7ba2 sending LeaveGroup request to coordinator 192.168.1.18:9092 (id: 2147483646 rack: null) due to the consumer unsubscribed from all topics
2025-07-09 13:29:34 INFO  [org.springframework.kafka.KafkaListenerEndpointContainer#6-0-C-1] o.a.k.c.c.i.ConsumerCoordinator - [Consumer clientId=consumer-evidence-service-report-deleted-1, groupId=evidence-service-report-deleted] Member consumer-evidence-service-report-deleted-1-31aafc99-5332-488e-a9a3-0ced9bbd27ba sending LeaveGroup request to coordinator 192.168.1.18:9092 (id: 2147483646 rack: null) due to the consumer unsubscribed from all topics
2025-07-09 13:29:34 INFO  [org.springframework.kafka.KafkaListenerEndpointContainer#9-0-C-1] o.a.k.c.c.i.ConsumerCoordinator - [Consumer clientId=consumer-evidence-service-case-created-4, groupId=evidence-service-case-created] Member consumer-evidence-service-case-created-4-a8f8ac36-d6ce-4f8e-9f23-d622f17a9975 sending LeaveGroup request to coordinator 192.168.1.18:9092 (id: 2147483646 rack: null) due to the consumer unsubscribed from all topics
2025-07-09 13:29:34 INFO  [org.springframework.kafka.KafkaListenerEndpointContainer#3-0-C-1] o.a.k.c.c.i.ConsumerCoordinator - [Consumer clientId=consumer-evidence-service-investigation-deleted-6, groupId=evidence-service-investigation-deleted] Member consumer-evidence-service-investigation-deleted-6-4e82e82f-b867-4e47-972f-3256740ea2b2 sending LeaveGroup request to coordinator 192.168.1.18:9092 (id: 2147483646 rack: null) due to the consumer unsubscribed from all topics
2025-07-09 13:29:34 INFO  [org.springframework.kafka.KafkaListenerEndpointContainer#8-0-C-1] o.a.k.c.c.i.ConsumerCoordinator - [Consumer clientId=consumer-evidence-service-report-created-3, groupId=evidence-service-report-created] Member consumer-evidence-service-report-created-3-806ed44d-2051-4305-a3f2-164381e8ac0e sending LeaveGroup request to coordinator 192.168.1.18:9092 (id: 2147483646 rack: null) due to the consumer unsubscribed from all topics
2025-07-09 13:29:34 INFO  [org.springframework.kafka.KafkaListenerEndpointContainer#2-0-C-1] o.a.k.c.c.i.ConsumerCoordinator - [Consumer clientId=consumer-evidence-service-analysis-5, groupId=evidence-service-analysis] Member consumer-evidence-service-analysis-5-cec7baec-5d91-401c-8e39-3289eb42363c sending LeaveGroup request to coordinator 192.168.1.18:9092 (id: 2147483646 rack: null) due to the consumer unsubscribed from all topics
2025-07-09 13:29:34 INFO  [org.springframework.kafka.KafkaListenerEndpointContainer#5-0-C-1] o.a.k.c.c.i.ConsumerCoordinator - [Consumer clientId=consumer-evidence-service-suspect-assigned-8, groupId=evidence-service-suspect-assigned] Member consumer-evidence-service-suspect-assigned-8-57d5e8b6-2922-45fd-9f0a-71de27c3e9b2 sending LeaveGroup request to coordinator 192.168.1.18:9092 (id: 2147483646 rack: null) due to the consumer unsubscribed from all topics
2025-07-09 13:29:34 INFO  [org.springframework.kafka.KafkaListenerEndpointContainer#4-0-C-1] o.a.k.c.c.i.ConsumerCoordinator - [Consumer clientId=consumer-evidence-service-suspect-deleted-7, groupId=evidence-service-suspect-deleted] Member consumer-evidence-service-suspect-deleted-7-c5a304f8-6893-4846-b6a3-95c43ea56d8c sending LeaveGroup request to coordinator 192.168.1.18:9092 (id: 2147483646 rack: null) due to the consumer unsubscribed from all topics
2025-07-09 13:29:34 INFO  [org.springframework.kafka.KafkaListenerEndpointContainer#5-0-C-1] o.a.k.c.c.i.ConsumerCoordinator - [Consumer clientId=consumer-evidence-service-suspect-assigned-8, groupId=evidence-service-suspect-assigned] Resetting generation and member id due to: consumer pro-actively leaving the group
2025-07-09 13:29:34 INFO  [org.springframework.kafka.KafkaListenerEndpointContainer#4-0-C-1] o.a.k.c.c.i.ConsumerCoordinator - [Consumer clientId=consumer-evidence-service-suspect-deleted-7, groupId=evidence-service-suspect-deleted] Resetting generation and member id due to: consumer pro-actively leaving the group
2025-07-09 13:29:34 INFO  [org.springframework.kafka.KafkaListenerEndpointContainer#11-0-C-1] o.a.k.c.c.i.ConsumerCoordinator - [Consumer clientId=consumer-evidence-service-case-deleted-9, groupId=evidence-service-case-deleted] Member consumer-evidence-service-case-deleted-9-b73b9152-c396-4c30-a696-451e1c862276 sending LeaveGroup request to coordinator 192.168.1.18:9092 (id: 2147483646 rack: null) due to the consumer unsubscribed from all topics
2025-07-09 13:29:34 INFO  [org.springframework.kafka.KafkaListenerEndpointContainer#7-0-C-1] o.a.k.c.c.i.ConsumerCoordinator - [Consumer clientId=consumer-evidence-service-warrant-deleted-2, groupId=evidence-service-warrant-deleted] Resetting generation and member id due to: consumer pro-actively leaving the group
2025-07-09 13:29:34 INFO  [org.springframework.kafka.KafkaListenerEndpointContainer#9-0-C-1] o.a.k.c.c.i.ConsumerCoordinator - [Consumer clientId=consumer-evidence-service-case-created-4, groupId=evidence-service-case-created] Resetting generation and member id due to: consumer pro-actively leaving the group
2025-07-09 13:29:34 INFO  [org.springframework.kafka.KafkaListenerEndpointContainer#5-0-C-1] o.a.k.c.c.i.ConsumerCoordinator - [Consumer clientId=consumer-evidence-service-suspect-assigned-8, groupId=evidence-service-suspect-assigned] Request joining group due to: consumer pro-actively leaving the group
2025-07-09 13:29:34 INFO  [org.springframework.kafka.KafkaListenerEndpointContainer#2-0-C-1] o.a.k.c.c.i.ConsumerCoordinator - [Consumer clientId=consumer-evidence-service-analysis-5, groupId=evidence-service-analysis] Resetting generation and member id due to: consumer pro-actively leaving the group
2025-07-09 13:29:34 INFO  [org.springframework.kafka.KafkaListenerEndpointContainer#7-0-C-1] o.a.k.c.c.i.ConsumerCoordinator - [Consumer clientId=consumer-evidence-service-warrant-deleted-2, groupId=evidence-service-warrant-deleted] Request joining group due to: consumer pro-actively leaving the group
2025-07-09 13:29:34 INFO  [org.springframework.kafka.KafkaListenerEndpointContainer#1-0-C-1] o.a.k.c.c.i.ConsumerCoordinator - [Consumer clientId=consumer-evidence-service-investigation-assigned-11, groupId=evidence-service-investigation-assigned] Member consumer-evidence-service-investigation-assigned-11-fe851f56-f7cb-42a3-af3f-d179271dfe8b sending LeaveGroup request to coordinator 192.168.1.18:9092 (id: 2147483646 rack: null) due to the consumer unsubscribed from all topics
2025-07-09 13:29:34 INFO  [org.springframework.kafka.KafkaListenerEndpointContainer#3-0-C-1] o.a.k.c.c.i.ConsumerCoordinator - [Consumer clientId=consumer-evidence-service-investigation-deleted-6, groupId=evidence-service-investigation-deleted] Resetting generation and member id due to: consumer pro-actively leaving the group
2025-07-09 13:29:34 INFO  [org.springframework.kafka.KafkaListenerEndpointContainer#3-0-C-1] o.a.k.c.c.i.ConsumerCoordinator - [Consumer clientId=consumer-evidence-service-investigation-deleted-6, groupId=evidence-service-investigation-deleted] Request joining group due to: consumer pro-actively leaving the group
2025-07-09 13:29:34 INFO  [org.springframework.kafka.KafkaListenerEndpointContainer#4-0-C-1] o.a.k.c.c.i.ConsumerCoordinator - [Consumer clientId=consumer-evidence-service-suspect-deleted-7, groupId=evidence-service-suspect-deleted] Request joining group due to: consumer pro-actively leaving the group
2025-07-09 13:29:34 INFO  [org.springframework.kafka.KafkaListenerEndpointContainer#9-0-C-1] o.a.k.c.c.i.ConsumerCoordinator - [Consumer clientId=consumer-evidence-service-case-created-4, groupId=evidence-service-case-created] Request joining group due to: consumer pro-actively leaving the group
2025-07-09 13:29:34 INFO  [org.springframework.kafka.KafkaListenerEndpointContainer#2-0-C-1] o.a.k.c.c.i.ConsumerCoordinator - [Consumer clientId=consumer-evidence-service-analysis-5, groupId=evidence-service-analysis] Request joining group due to: consumer pro-actively leaving the group
2025-07-09 13:29:34 INFO  [org.springframework.kafka.KafkaListenerEndpointContainer#4-0-C-1] o.s.k.c.DefaultKafkaConsumerFactory$ExtendedKafkaConsumer - [Consumer clientId=consumer-evidence-service-suspect-deleted-7, groupId=evidence-service-suspect-deleted] Unsubscribed all topics or patterns and assigned partitions
2025-07-09 13:29:34 INFO  [org.springframework.kafka.KafkaListenerEndpointContainer#2-0-C-1] o.s.k.c.DefaultKafkaConsumerFactory$ExtendedKafkaConsumer - [Consumer clientId=consumer-evidence-service-analysis-5, groupId=evidence-service-analysis] Unsubscribed all topics or patterns and assigned partitions
2025-07-09 13:29:34 INFO  [org.springframework.kafka.KafkaListenerEndpointContainer#11-0-C-1] o.a.k.c.c.i.ConsumerCoordinator - [Consumer clientId=consumer-evidence-service-case-deleted-9, groupId=evidence-service-case-deleted] Resetting generation and member id due to: consumer pro-actively leaving the group
2025-07-09 13:29:34 INFO  [org.springframework.kafka.KafkaListenerEndpointContainer#6-0-C-1] o.a.k.c.c.i.ConsumerCoordinator - [Consumer clientId=consumer-evidence-service-report-deleted-1, groupId=evidence-service-report-deleted] Resetting generation and member id due to: consumer pro-actively leaving the group
2025-07-09 13:29:34 INFO  [org.springframework.kafka.KafkaListenerEndpointContainer#11-0-C-1] o.a.k.c.c.i.ConsumerCoordinator - [Consumer clientId=consumer-evidence-service-case-deleted-9, groupId=evidence-service-case-deleted] Request joining group due to: consumer pro-actively leaving the group
2025-07-09 13:29:34 INFO  [org.springframework.kafka.KafkaListenerEndpointContainer#6-0-C-1] o.a.k.c.c.i.ConsumerCoordinator - [Consumer clientId=consumer-evidence-service-report-deleted-1, groupId=evidence-service-report-deleted] Request joining group due to: consumer pro-actively leaving the group
2025-07-09 13:29:34 INFO  [org.springframework.kafka.KafkaListenerEndpointContainer#11-0-C-1] o.s.k.c.DefaultKafkaConsumerFactory$ExtendedKafkaConsumer - [Consumer clientId=consumer-evidence-service-case-deleted-9, groupId=evidence-service-case-deleted] Unsubscribed all topics or patterns and assigned partitions
2025-07-09 13:29:34 INFO  [org.springframework.kafka.KafkaListenerEndpointContainer#0-0-C-1] o.a.k.c.c.i.ConsumerCoordinator - [Consumer clientId=consumer-evidence-service-warrant-assigned-10, groupId=evidence-service-warrant-assigned] Member consumer-evidence-service-warrant-assigned-10-6df96e95-0764-40e0-9b14-9e070f71c05a sending LeaveGroup request to coordinator 192.168.1.18:9092 (id: 2147483646 rack: null) due to the consumer unsubscribed from all topics
2025-07-09 13:29:34 INFO  [org.springframework.kafka.KafkaListenerEndpointContainer#3-0-C-1] o.s.k.c.DefaultKafkaConsumerFactory$ExtendedKafkaConsumer - [Consumer clientId=consumer-evidence-service-investigation-deleted-6, groupId=evidence-service-investigation-deleted] Unsubscribed all topics or patterns and assigned partitions
2025-07-09 13:29:34 INFO  [org.springframework.kafka.KafkaListenerEndpointContainer#9-0-C-1] o.s.k.c.DefaultKafkaConsumerFactory$ExtendedKafkaConsumer - [Consumer clientId=consumer-evidence-service-case-created-4, groupId=evidence-service-case-created] Unsubscribed all topics or patterns and assigned partitions
2025-07-09 13:29:34 INFO  [org.springframework.kafka.KafkaListenerEndpointContainer#8-0-C-1] o.a.k.c.c.i.ConsumerCoordinator - [Consumer clientId=consumer-evidence-service-report-created-3, groupId=evidence-service-report-created] Resetting generation and member id due to: consumer pro-actively leaving the group
2025-07-09 13:29:34 INFO  [org.springframework.kafka.KafkaListenerEndpointContainer#5-0-C-1] o.s.k.c.DefaultKafkaConsumerFactory$ExtendedKafkaConsumer - [Consumer clientId=consumer-evidence-service-suspect-assigned-8, groupId=evidence-service-suspect-assigned] Unsubscribed all topics or patterns and assigned partitions
2025-07-09 13:29:34 INFO  [org.springframework.kafka.KafkaListenerEndpointContainer#7-0-C-1] o.s.k.c.DefaultKafkaConsumerFactory$ExtendedKafkaConsumer - [Consumer clientId=consumer-evidence-service-warrant-deleted-2, groupId=evidence-service-warrant-deleted] Unsubscribed all topics or patterns and assigned partitions
2025-07-09 13:29:34 INFO  [org.springframework.kafka.KafkaListenerEndpointContainer#6-0-C-1] o.s.k.c.DefaultKafkaConsumerFactory$ExtendedKafkaConsumer - [Consumer clientId=consumer-evidence-service-report-deleted-1, groupId=evidence-service-report-deleted] Unsubscribed all topics or patterns and assigned partitions
2025-07-09 13:29:34 INFO  [org.springframework.kafka.KafkaListenerEndpointContainer#10-0-C-1] o.a.k.c.c.i.ConsumerCoordinator - [Consumer clientId=consumer-evidence-service-case-assigned-12, groupId=evidence-service-case-assigned] Member consumer-evidence-service-case-assigned-12-022dad3c-7c82-48d0-8b91-9f8c82ef09b0 sending LeaveGroup request to coordinator 192.168.1.18:9092 (id: 2147483646 rack: null) due to the consumer unsubscribed from all topics
2025-07-09 13:29:34 INFO  [org.springframework.kafka.KafkaListenerEndpointContainer#8-0-C-1] o.a.k.c.c.i.ConsumerCoordinator - [Consumer clientId=consumer-evidence-service-report-created-3, groupId=evidence-service-report-created] Request joining group due to: consumer pro-actively leaving the group
2025-07-09 13:29:34 INFO  [org.springframework.kafka.KafkaListenerEndpointContainer#0-0-C-1] o.a.k.c.c.i.ConsumerCoordinator - [Consumer clientId=consumer-evidence-service-warrant-assigned-10, groupId=evidence-service-warrant-assigned] Resetting generation and member id due to: consumer pro-actively leaving the group
2025-07-09 13:29:34 INFO  [org.springframework.kafka.KafkaListenerEndpointContainer#1-0-C-1] o.a.k.c.c.i.ConsumerCoordinator - [Consumer clientId=consumer-evidence-service-investigation-assigned-11, groupId=evidence-service-investigation-assigned] Resetting generation and member id due to: consumer pro-actively leaving the group
2025-07-09 13:29:34 INFO  [org.springframework.kafka.KafkaListenerEndpointContainer#8-0-C-1] o.s.k.c.DefaultKafkaConsumerFactory$ExtendedKafkaConsumer - [Consumer clientId=consumer-evidence-service-report-created-3, groupId=evidence-service-report-created] Unsubscribed all topics or patterns and assigned partitions
2025-07-09 13:29:34 INFO  [org.springframework.kafka.KafkaListenerEndpointContainer#0-0-C-1] o.a.k.c.c.i.ConsumerCoordinator - [Consumer clientId=consumer-evidence-service-warrant-assigned-10, groupId=evidence-service-warrant-assigned] Request joining group due to: consumer pro-actively leaving the group
2025-07-09 13:29:34 INFO  [org.springframework.kafka.KafkaListenerEndpointContainer#10-0-C-1] o.a.k.c.c.i.ConsumerCoordinator - [Consumer clientId=consumer-evidence-service-case-assigned-12, groupId=evidence-service-case-assigned] Resetting generation and member id due to: consumer pro-actively leaving the group
2025-07-09 13:29:34 INFO  [org.springframework.kafka.KafkaListenerEndpointContainer#10-0-C-1] o.a.k.c.c.i.ConsumerCoordinator - [Consumer clientId=consumer-evidence-service-case-assigned-12, groupId=evidence-service-case-assigned] Request joining group due to: consumer pro-actively leaving the group
2025-07-09 13:29:34 INFO  [org.springframework.kafka.KafkaListenerEndpointContainer#0-0-C-1] o.s.k.c.DefaultKafkaConsumerFactory$ExtendedKafkaConsumer - [Consumer clientId=consumer-evidence-service-warrant-assigned-10, groupId=evidence-service-warrant-assigned] Unsubscribed all topics or patterns and assigned partitions
2025-07-09 13:29:34 INFO  [org.springframework.kafka.KafkaListenerEndpointContainer#1-0-C-1] o.a.k.c.c.i.ConsumerCoordinator - [Consumer clientId=consumer-evidence-service-investigation-assigned-11, groupId=evidence-service-investigation-assigned] Request joining group due to: consumer pro-actively leaving the group
2025-07-09 13:29:34 INFO  [org.springframework.kafka.KafkaListenerEndpointContainer#10-0-C-1] o.s.k.c.DefaultKafkaConsumerFactory$ExtendedKafkaConsumer - [Consumer clientId=consumer-evidence-service-case-assigned-12, groupId=evidence-service-case-assigned] Unsubscribed all topics or patterns and assigned partitions
2025-07-09 13:29:34 INFO  [org.springframework.kafka.KafkaListenerEndpointContainer#1-0-C-1] o.s.k.c.DefaultKafkaConsumerFactory$ExtendedKafkaConsumer - [Consumer clientId=consumer-evidence-service-investigation-assigned-11, groupId=evidence-service-investigation-assigned] Unsubscribed all topics or patterns and assigned partitions
2025-07-09 13:29:34 INFO  [org.springframework.kafka.KafkaListenerEndpointContainer#4-0-C-1] o.a.k.c.c.i.ConsumerCoordinator - [Consumer clientId=consumer-evidence-service-suspect-deleted-7, groupId=evidence-service-suspect-deleted] Resetting generation and member id due to: consumer pro-actively leaving the group
2025-07-09 13:29:34 INFO  [org.springframework.kafka.KafkaListenerEndpointContainer#0-0-C-1] o.a.k.c.c.i.ConsumerCoordinator - [Consumer clientId=consumer-evidence-service-warrant-assigned-10, groupId=evidence-service-warrant-assigned] Resetting generation and member id due to: consumer pro-actively leaving the group
2025-07-09 13:29:34 INFO  [org.springframework.kafka.KafkaListenerEndpointContainer#4-0-C-1] o.a.k.c.c.i.ConsumerCoordinator - [Consumer clientId=consumer-evidence-service-suspect-deleted-7, groupId=evidence-service-suspect-deleted] Request joining group due to: consumer pro-actively leaving the group
2025-07-09 13:29:34 INFO  [org.springframework.kafka.KafkaListenerEndpointContainer#0-0-C-1] o.a.k.c.c.i.ConsumerCoordinator - [Consumer clientId=consumer-evidence-service-warrant-assigned-10, groupId=evidence-service-warrant-assigned] Request joining group due to: consumer pro-actively leaving the group
2025-07-09 13:29:34 INFO  [org.springframework.kafka.KafkaListenerEndpointContainer#6-0-C-1] o.a.k.c.c.i.ConsumerCoordinator - [Consumer clientId=consumer-evidence-service-report-deleted-1, groupId=evidence-service-report-deleted] Resetting generation and member id due to: consumer pro-actively leaving the group
2025-07-09 13:29:34 INFO  [org.springframework.kafka.KafkaListenerEndpointContainer#11-0-C-1] o.a.k.c.c.i.ConsumerCoordinator - [Consumer clientId=consumer-evidence-service-case-deleted-9, groupId=evidence-service-case-deleted] Resetting generation and member id due to: consumer pro-actively leaving the group
2025-07-09 13:29:34 INFO  [org.springframework.kafka.KafkaListenerEndpointContainer#6-0-C-1] o.a.k.c.c.i.ConsumerCoordinator - [Consumer clientId=consumer-evidence-service-report-deleted-1, groupId=evidence-service-report-deleted] Request joining group due to: consumer pro-actively leaving the group
2025-07-09 13:29:34 INFO  [org.springframework.kafka.KafkaListenerEndpointContainer#3-0-C-1] o.a.k.c.c.i.ConsumerCoordinator - [Consumer clientId=consumer-evidence-service-investigation-deleted-6, groupId=evidence-service-investigation-deleted] Resetting generation and member id due to: consumer pro-actively leaving the group
2025-07-09 13:29:34 INFO  [org.springframework.kafka.KafkaListenerEndpointContainer#9-0-C-1] o.a.k.c.c.i.ConsumerCoordinator - [Consumer clientId=consumer-evidence-service-case-created-4, groupId=evidence-service-case-created] Resetting generation and member id due to: consumer pro-actively leaving the group
2025-07-09 13:29:34 INFO  [org.springframework.kafka.KafkaListenerEndpointContainer#3-0-C-1] o.a.k.c.c.i.ConsumerCoordinator - [Consumer clientId=consumer-evidence-service-investigation-deleted-6, groupId=evidence-service-investigation-deleted] Request joining group due to: consumer pro-actively leaving the group
2025-07-09 13:29:34 INFO  [org.springframework.kafka.KafkaListenerEndpointContainer#9-0-C-1] o.a.k.c.c.i.ConsumerCoordinator - [Consumer clientId=consumer-evidence-service-case-created-4, groupId=evidence-service-case-created] Request joining group due to: consumer pro-actively leaving the group
2025-07-09 13:29:34 INFO  [org.springframework.kafka.KafkaListenerEndpointContainer#7-0-C-1] o.a.k.c.c.i.ConsumerCoordinator - [Consumer clientId=consumer-evidence-service-warrant-deleted-2, groupId=evidence-service-warrant-deleted] Resetting generation and member id due to: consumer pro-actively leaving the group
2025-07-09 13:29:34 INFO  [org.springframework.kafka.KafkaListenerEndpointContainer#2-0-C-1] o.a.k.c.c.i.ConsumerCoordinator - [Consumer clientId=consumer-evidence-service-analysis-5, groupId=evidence-service-analysis] Resetting generation and member id due to: consumer pro-actively leaving the group
2025-07-09 13:29:34 INFO  [org.springframework.kafka.KafkaListenerEndpointContainer#5-0-C-1] o.a.k.c.c.i.ConsumerCoordinator - [Consumer clientId=consumer-evidence-service-suspect-assigned-8, groupId=evidence-service-suspect-assigned] Resetting generation and member id due to: consumer pro-actively leaving the group
2025-07-09 13:29:34 INFO  [org.springframework.kafka.KafkaListenerEndpointContainer#7-0-C-1] o.a.k.c.c.i.ConsumerCoordinator - [Consumer clientId=consumer-evidence-service-warrant-deleted-2, groupId=evidence-service-warrant-deleted] Request joining group due to: consumer pro-actively leaving the group
2025-07-09 13:29:34 INFO  [org.springframework.kafka.KafkaListenerEndpointContainer#2-0-C-1] o.a.k.c.c.i.ConsumerCoordinator - [Consumer clientId=consumer-evidence-service-analysis-5, groupId=evidence-service-analysis] Request joining group due to: consumer pro-actively leaving the group
2025-07-09 13:29:34 INFO  [org.springframework.kafka.KafkaListenerEndpointContainer#11-0-C-1] o.a.k.c.c.i.ConsumerCoordinator - [Consumer clientId=consumer-evidence-service-case-deleted-9, groupId=evidence-service-case-deleted] Request joining group due to: consumer pro-actively leaving the group
2025-07-09 13:29:34 INFO  [org.springframework.kafka.KafkaListenerEndpointContainer#1-0-C-1] o.a.k.c.c.i.ConsumerCoordinator - [Consumer clientId=consumer-evidence-service-investigation-assigned-11, groupId=evidence-service-investigation-assigned] Resetting generation and member id due to: consumer pro-actively leaving the group
2025-07-09 13:29:34 INFO  [org.springframework.kafka.KafkaListenerEndpointContainer#5-0-C-1] o.a.k.c.c.i.ConsumerCoordinator - [Consumer clientId=consumer-evidence-service-suspect-assigned-8, groupId=evidence-service-suspect-assigned] Request joining group due to: consumer pro-actively leaving the group
2025-07-09 13:29:34 INFO  [org.springframework.kafka.KafkaListenerEndpointContainer#10-0-C-1] o.a.k.c.c.i.ConsumerCoordinator - [Consumer clientId=consumer-evidence-service-case-assigned-12, groupId=evidence-service-case-assigned] Resetting generation and member id due to: consumer pro-actively leaving the group
2025-07-09 13:29:34 INFO  [org.springframework.kafka.KafkaListenerEndpointContainer#1-0-C-1] o.a.k.c.c.i.ConsumerCoordinator - [Consumer clientId=consumer-evidence-service-investigation-assigned-11, groupId=evidence-service-investigation-assigned] Request joining group due to: consumer pro-actively leaving the group
2025-07-09 13:29:34 INFO  [org.springframework.kafka.KafkaListenerEndpointContainer#8-0-C-1] o.a.k.c.c.i.ConsumerCoordinator - [Consumer clientId=consumer-evidence-service-report-created-3, groupId=evidence-service-report-created] Resetting generation and member id due to: consumer pro-actively leaving the group
2025-07-09 13:29:34 INFO  [org.springframework.kafka.KafkaListenerEndpointContainer#10-0-C-1] o.a.k.c.c.i.ConsumerCoordinator - [Consumer clientId=consumer-evidence-service-case-assigned-12, groupId=evidence-service-case-assigned] Request joining group due to: consumer pro-actively leaving the group
2025-07-09 13:29:34 INFO  [org.springframework.kafka.KafkaListenerEndpointContainer#8-0-C-1] o.a.k.c.c.i.ConsumerCoordinator - [Consumer clientId=consumer-evidence-service-report-created-3, groupId=evidence-service-report-created] Request joining group due to: consumer pro-actively leaving the group
2025-07-09 13:29:34 INFO  [org.springframework.kafka.KafkaListenerEndpointContainer#6-0-C-1] o.a.kafka.common.metrics.Metrics - Metrics scheduler closed
2025-07-09 13:29:34 INFO  [org.springframework.kafka.KafkaListenerEndpointContainer#7-0-C-1] o.a.kafka.common.metrics.Metrics - Metrics scheduler closed
2025-07-09 13:29:34 INFO  [org.springframework.kafka.KafkaListenerEndpointContainer#8-0-C-1] o.a.kafka.common.metrics.Metrics - Metrics scheduler closed
2025-07-09 13:29:34 INFO  [org.springframework.kafka.KafkaListenerEndpointContainer#6-0-C-1] o.a.kafka.common.metrics.Metrics - Closing reporter org.apache.kafka.common.metrics.JmxReporter
2025-07-09 13:29:34 INFO  [org.springframework.kafka.KafkaListenerEndpointContainer#7-0-C-1] o.a.kafka.common.metrics.Metrics - Closing reporter org.apache.kafka.common.metrics.JmxReporter
2025-07-09 13:29:34 INFO  [org.springframework.kafka.KafkaListenerEndpointContainer#8-0-C-1] o.a.kafka.common.metrics.Metrics - Closing reporter org.apache.kafka.common.metrics.JmxReporter
2025-07-09 13:29:34 INFO  [org.springframework.kafka.KafkaListenerEndpointContainer#4-0-C-1] o.a.kafka.common.metrics.Metrics - Metrics scheduler closed
2025-07-09 13:29:34 INFO  [org.springframework.kafka.KafkaListenerEndpointContainer#4-0-C-1] o.a.kafka.common.metrics.Metrics - Closing reporter org.apache.kafka.common.metrics.JmxReporter
2025-07-09 13:29:34 INFO  [org.springframework.kafka.KafkaListenerEndpointContainer#4-0-C-1] o.a.kafka.common.metrics.Metrics - Metrics reporters closed
2025-07-09 13:29:34 INFO  [org.springframework.kafka.KafkaListenerEndpointContainer#0-0-C-1] o.a.kafka.common.metrics.Metrics - Metrics scheduler closed
2025-07-09 13:29:34 INFO  [org.springframework.kafka.KafkaListenerEndpointContainer#0-0-C-1] o.a.kafka.common.metrics.Metrics - Closing reporter org.apache.kafka.common.metrics.JmxReporter
2025-07-09 13:29:34 INFO  [org.springframework.kafka.KafkaListenerEndpointContainer#8-0-C-1] o.a.kafka.common.metrics.Metrics - Metrics reporters closed
2025-07-09 13:29:34 INFO  [org.springframework.kafka.KafkaListenerEndpointContainer#7-0-C-1] o.a.kafka.common.metrics.Metrics - Metrics reporters closed
2025-07-09 13:29:34 INFO  [org.springframework.kafka.KafkaListenerEndpointContainer#6-0-C-1] o.a.kafka.common.metrics.Metrics - Metrics reporters closed
2025-07-09 13:29:34 INFO  [org.springframework.kafka.KafkaListenerEndpointContainer#2-0-C-1] o.a.kafka.common.metrics.Metrics - Metrics scheduler closed
2025-07-09 13:29:34 INFO  [org.springframework.kafka.KafkaListenerEndpointContainer#2-0-C-1] o.a.kafka.common.metrics.Metrics - Closing reporter org.apache.kafka.common.metrics.JmxReporter
2025-07-09 13:29:34 INFO  [org.springframework.kafka.KafkaListenerEndpointContainer#2-0-C-1] o.a.kafka.common.metrics.Metrics - Metrics reporters closed
2025-07-09 13:29:34 INFO  [org.springframework.kafka.KafkaListenerEndpointContainer#11-0-C-1] o.a.kafka.common.metrics.Metrics - Metrics scheduler closed
2025-07-09 13:29:34 INFO  [org.springframework.kafka.KafkaListenerEndpointContainer#0-0-C-1] o.a.kafka.common.metrics.Metrics - Metrics reporters closed
2025-07-09 13:29:34 INFO  [org.springframework.kafka.KafkaListenerEndpointContainer#11-0-C-1] o.a.kafka.common.metrics.Metrics - Closing reporter org.apache.kafka.common.metrics.JmxReporter
2025-07-09 13:29:34 INFO  [org.springframework.kafka.KafkaListenerEndpointContainer#10-0-C-1] o.a.kafka.common.metrics.Metrics - Metrics scheduler closed
2025-07-09 13:29:34 INFO  [org.springframework.kafka.KafkaListenerEndpointContainer#10-0-C-1] o.a.kafka.common.metrics.Metrics - Closing reporter org.apache.kafka.common.metrics.JmxReporter
2025-07-09 13:29:34 INFO  [org.springframework.kafka.KafkaListenerEndpointContainer#9-0-C-1] o.a.kafka.common.metrics.Metrics - Metrics scheduler closed
2025-07-09 13:29:34 INFO  [org.springframework.kafka.KafkaListenerEndpointContainer#10-0-C-1] o.a.kafka.common.metrics.Metrics - Metrics reporters closed
2025-07-09 13:29:34 INFO  [org.springframework.kafka.KafkaListenerEndpointContainer#11-0-C-1] o.a.kafka.common.metrics.Metrics - Metrics reporters closed
2025-07-09 13:29:34 INFO  [org.springframework.kafka.KafkaListenerEndpointContainer#5-0-C-1] o.a.kafka.common.metrics.Metrics - Metrics scheduler closed
2025-07-09 13:29:34 INFO  [org.springframework.kafka.KafkaListenerEndpointContainer#9-0-C-1] o.a.kafka.common.metrics.Metrics - Closing reporter org.apache.kafka.common.metrics.JmxReporter
2025-07-09 13:29:34 INFO  [org.springframework.kafka.KafkaListenerEndpointContainer#5-0-C-1] o.a.kafka.common.metrics.Metrics - Closing reporter org.apache.kafka.common.metrics.JmxReporter
2025-07-09 13:29:34 INFO  [org.springframework.kafka.KafkaListenerEndpointContainer#9-0-C-1] o.a.kafka.common.metrics.Metrics - Metrics reporters closed
2025-07-09 13:29:34 INFO  [org.springframework.kafka.KafkaListenerEndpointContainer#5-0-C-1] o.a.kafka.common.metrics.Metrics - Metrics reporters closed
2025-07-09 13:29:34 INFO  [org.springframework.kafka.KafkaListenerEndpointContainer#7-0-C-1] o.a.kafka.common.utils.AppInfoParser - App info kafka.consumer for consumer-evidence-service-warrant-deleted-2 unregistered
2025-07-09 13:29:34 INFO  [org.springframework.kafka.KafkaListenerEndpointContainer#9-0-C-1] o.a.kafka.common.utils.AppInfoParser - App info kafka.consumer for consumer-evidence-service-case-created-4 unregistered
2025-07-09 13:29:34 INFO  [org.springframework.kafka.KafkaListenerEndpointContainer#0-0-C-1] o.a.kafka.common.utils.AppInfoParser - App info kafka.consumer for consumer-evidence-service-warrant-assigned-10 unregistered
2025-07-09 13:29:34 INFO  [org.springframework.kafka.KafkaListenerEndpointContainer#7-0-C-1] o.s.k.l.KafkaMessageListenerContainer - evidence-service-warrant-deleted: Consumer stopped
2025-07-09 13:29:34 INFO  [org.springframework.kafka.KafkaListenerEndpointContainer#9-0-C-1] o.s.k.l.KafkaMessageListenerContainer - evidence-service-case-created: Consumer stopped
2025-07-09 13:29:34 INFO  [org.springframework.kafka.KafkaListenerEndpointContainer#0-0-C-1] o.s.k.l.KafkaMessageListenerContainer - evidence-service-warrant-assigned: Consumer stopped
2025-07-09 13:29:34 INFO  [org.springframework.kafka.KafkaListenerEndpointContainer#4-0-C-1] o.a.kafka.common.utils.AppInfoParser - App info kafka.consumer for consumer-evidence-service-suspect-deleted-7 unregistered
2025-07-09 13:29:34 INFO  [org.springframework.kafka.KafkaListenerEndpointContainer#4-0-C-1] o.s.k.l.KafkaMessageListenerContainer - evidence-service-suspect-deleted: Consumer stopped
2025-07-09 13:29:34 INFO  [org.springframework.kafka.KafkaListenerEndpointContainer#5-0-C-1] o.a.kafka.common.utils.AppInfoParser - App info kafka.consumer for consumer-evidence-service-suspect-assigned-8 unregistered
2025-07-09 13:29:34 INFO  [org.springframework.kafka.KafkaListenerEndpointContainer#5-0-C-1] o.s.k.l.KafkaMessageListenerContainer - evidence-service-suspect-assigned: Consumer stopped
2025-07-09 13:29:34 INFO  [org.springframework.kafka.KafkaListenerEndpointContainer#11-0-C-1] o.a.kafka.common.utils.AppInfoParser - App info kafka.consumer for consumer-evidence-service-case-deleted-9 unregistered
2025-07-09 13:29:34 INFO  [org.springframework.kafka.KafkaListenerEndpointContainer#11-0-C-1] o.s.k.l.KafkaMessageListenerContainer - evidence-service-case-deleted: Consumer stopped
2025-07-09 13:29:34 INFO  [org.springframework.kafka.KafkaListenerEndpointContainer#6-0-C-1] o.a.kafka.common.utils.AppInfoParser - App info kafka.consumer for consumer-evidence-service-report-deleted-1 unregistered
2025-07-09 13:29:34 INFO  [org.springframework.kafka.KafkaListenerEndpointContainer#6-0-C-1] o.s.k.l.KafkaMessageListenerContainer - evidence-service-report-deleted: Consumer stopped
2025-07-09 13:29:34 INFO  [org.springframework.kafka.KafkaListenerEndpointContainer#10-0-C-1] o.a.kafka.common.utils.AppInfoParser - App info kafka.consumer for consumer-evidence-service-case-assigned-12 unregistered
2025-07-09 13:29:34 INFO  [org.springframework.kafka.KafkaListenerEndpointContainer#10-0-C-1] o.s.k.l.KafkaMessageListenerContainer - evidence-service-case-assigned: Consumer stopped
2025-07-09 13:29:34 INFO  [org.springframework.kafka.KafkaListenerEndpointContainer#8-0-C-1] o.a.kafka.common.utils.AppInfoParser - App info kafka.consumer for consumer-evidence-service-report-created-3 unregistered
2025-07-09 13:29:34 INFO  [org.springframework.kafka.KafkaListenerEndpointContainer#8-0-C-1] o.s.k.l.KafkaMessageListenerContainer - evidence-service-report-created: Consumer stopped
2025-07-09 13:29:34 INFO  [org.springframework.kafka.KafkaListenerEndpointContainer#2-0-C-1] o.a.kafka.common.utils.AppInfoParser - App info kafka.consumer for consumer-evidence-service-analysis-5 unregistered
2025-07-09 13:29:34 INFO  [org.springframework.kafka.KafkaListenerEndpointContainer#2-0-C-1] o.s.k.l.KafkaMessageListenerContainer - evidence-service-analysis: Consumer stopped
2025-07-09 13:29:34 INFO  [org.springframework.kafka.KafkaListenerEndpointContainer#3-0-C-1] o.a.kafka.common.metrics.Metrics - Metrics scheduler closed
2025-07-09 13:29:34 INFO  [org.springframework.kafka.KafkaListenerEndpointContainer#1-0-C-1] o.a.kafka.common.metrics.Metrics - Metrics scheduler closed
2025-07-09 13:29:34 INFO  [org.springframework.kafka.KafkaListenerEndpointContainer#3-0-C-1] o.a.kafka.common.metrics.Metrics - Closing reporter org.apache.kafka.common.metrics.JmxReporter
2025-07-09 13:29:34 INFO  [org.springframework.kafka.KafkaListenerEndpointContainer#1-0-C-1] o.a.kafka.common.metrics.Metrics - Closing reporter org.apache.kafka.common.metrics.JmxReporter
2025-07-09 13:29:34 INFO  [org.springframework.kafka.KafkaListenerEndpointContainer#3-0-C-1] o.a.kafka.common.metrics.Metrics - Metrics reporters closed
2025-07-09 13:29:34 INFO  [org.springframework.kafka.KafkaListenerEndpointContainer#1-0-C-1] o.a.kafka.common.metrics.Metrics - Metrics reporters closed
2025-07-09 13:29:34 INFO  [org.springframework.kafka.KafkaListenerEndpointContainer#1-0-C-1] o.a.kafka.common.utils.AppInfoParser - App info kafka.consumer for consumer-evidence-service-investigation-assigned-11 unregistered
2025-07-09 13:29:34 INFO  [org.springframework.kafka.KafkaListenerEndpointContainer#1-0-C-1] o.s.k.l.KafkaMessageListenerContainer - evidence-service-investigation-assigned: Consumer stopped
2025-07-09 13:29:34 INFO  [org.springframework.kafka.KafkaListenerEndpointContainer#3-0-C-1] o.a.kafka.common.utils.AppInfoParser - App info kafka.consumer for consumer-evidence-service-investigation-deleted-6 unregistered
2025-07-09 13:29:34 INFO  [org.springframework.kafka.KafkaListenerEndpointContainer#3-0-C-1] o.s.k.l.KafkaMessageListenerContainer - evidence-service-investigation-deleted: Consumer stopped
2025-07-09 13:29:34 INFO  [SpringApplicationShutdownHook] o.s.o.j.LocalContainerEntityManagerFactoryBean - Closing JPA EntityManagerFactory for persistence unit 'default'
2025-07-09 13:29:34 INFO  [SpringApplicationShutdownHook] com.zaxxer.hikari.HikariDataSource - HikariPool-1 - Shutdown initiated...
2025-07-09 13:29:34 INFO  [SpringApplicationShutdownHook] com.zaxxer.hikari.HikariDataSource - HikariPool-1 - Shutdown completed.
